species,date,plant,rep,branch_length,branch_width,branch_height,sample_wt,branching,mpa,notes_on_plant_char,start_time,ambient_temp,ambient_humidity,pre_ignition_glow,first_glow_time,ignition,primary_ignition,primary_time_of_flame_end,secondary_ignition,secondary_time_of_flame_end,third_ignition,third_time_of_ignition_flame_end,time_fh,fh,time_of_glow_end,end_time,thermocoupler_height,hotplate_height,notes_on_flam_data,fd,tti,pfg,max_temp,time_at_max_temp,max_temp_sensor,start_temp,start_temp_sensor,temp_change,avg_temp_ch3,max_heat_flux_loessCH7,time_at_max_heat_flux_loessCH7,max_heat_flux_loessCH8,time_at_max_heat_flux_loessCH8,avg_heat_flux_stableCH7,avg_heat_flux_stableCH8,heat_flux_change,prop_ig
ARTCAL,2022-08-03,1,1,25.5,4.5,3,1.5764000000000031,0,0.22999999999999998,NA,10:18:36,26.6,54,0,NA,M,10:25:18,10:25:20,NA,NA,NA,NA,10:25:18,26,10:26:17,10:26:17,19,16.5,NA,2,402,57,183.9,10:25:19,CH1,179.1,CH1,4.800000000000011,224.49978260869565,0.7923338470679981,10:22:19,0.43234765473311465,10:25:10,0.7485625,0.41203590425531916,0.020311750477795487,0.14285714285714285
ARTCAL,2022-08-03,2,3,25,7,4.3,3.1264000000000003,16,0.13,"thick stem, second cut of same branch",11:26:49,29.6,41,1,11:27:10,1,11:27:27,11:27:30,NA,NA,NA,NA,11:27:27,32,11:31:54,11:31:54,19,16.5,NA,3,38,264,248.5,11:27:30,CH2,238.1,CH2,10.400000000000006,226.73223684210527,0.8048485687761948,11:27:02,0.49581178409269094,11:31:20,0.773125,0.42570833333333336,0.07010345075935759,0.14285714285714285
ARTCAL,2022-08-03,3,4,25,2.2,2,0.5564,0,0.21000000000000002,NA,11:52:06,29.6,41,1,11:54:13,M,11:55:26,11:55:37,NA,NA,NA,NA,11:55:25,17,12:02:10,12:02:10,19,16.5,NA,11,200,393,221.7,11:55:26,CH2,227.8,CH2,-6.100000000000023,227.05223880597015,0.8264816465104,11:53:43,0.470405181266763,12:01:00,0.7824655172413794,0.4449109195402299,0.02549426172653313,0.14285714285714285
ARTCAL,2022-08-03,4,6,25,5,3.6,1.2064000000000021,6,0.16,NA,12:49:53,32.2,36,1,12:50:12,1,12:51:06,12:51:09,NA,NA,NA,NA,12:51:08,30,12:52:23,12:52:23,19,16.5,NA,3,73,74,223.2,12:51:08,CH2,221.3,CH2,1.8999999999999773,223.13020134228188,0.8582528179140636,12:51:33,0.49499999999999994,12:51:19,0.8005212765957447,0.4321808510638298,0.06281914893617013,0.14285714285714285
ARTCAL,2022-08-03,5,2,25.2,2.5,2.6,1.2464000000000013,3,0.12,NA,13:28:13,31.9,40,1,13:28:30,1,13:30:01,13:30:09,NA,NA,NA,NA,13:30:01,9,13:32:29,13:32:29,19,16.5,NA,8,108,140,221.7,13:30:06,CH2,217.1,CH2,4.599999999999994,227.00156862745098,0.8273130691421784,13:29:53,0.46975679117542146,13:29:38,0.7759817073170732,0.44243292682926827,0.027323864346153193,0.14285714285714285
ARTCAL,2022-08-03,5,6,25,2.6,2,0.9364000000000026,1,0.12,NA,14:02:31,32.3,38,0,NA,1,14:06:19,14:06:26,NA,NA,NA,NA,14:06:19,18,14:10:36,14:10:36,19,16.5,NA,7,228,250,204.3,14:06:22,CH2,196.9,CH2,7.400000000000006,232.5237603305785,0.8462287613795181,14:08:43,0.4919854536376925,14:09:18,0.8003341584158415,0.4545841584158416,0.03740129522185093,0.14285714285714285
ARTCAL,2022-08-25,7,4,25,5,3.6,1.8963999999999999,6,0.135,NA,11:27:42,31.7,42,1,11:28:05,1,11:28:45,11:29:00,NA,NA,NA,NA,11:28:46,24,11:33:16,11:33:16,19,15,NA,15,63,256,194.4,11:28:56,CH2,190.5,CH2,3.9000000000000057,240.86216216216215,0.8933946931947719,11:27:52,0.5143911028001078,11:27:47,0.8442027027027027,0.47914864864864865,0.03524245415145916,0.14285714285714285
ARTCAL,2022-08-25,7,7,25,13.4,7.6,2.166400000000003,3,0.16999999999999998,NA,11:54:55,33.1,38,1,11:55:09,1,11:56:24,11:56:27,NA,NA,NA,NA,11:56:24,16,11:57:27,11:57:27,19,15,NA,3,89,60,189.4,11:56:27,CH2,182.6,CH2,6.800000000000011,235.9728476821192,0.9068921418586048,11:56:26,0.5229999999999999,11:56:28,0.8253730158730158,0.47963492063492064,0.04336507936507927,0.14285714285714285
ARTCAL,2022-08-30,10,1,25,2.2,2.1,0.6463999999999999,0,0.27999999999999997,NA,09:56:37,25.5,52,1,09:57:59,M,10:04:01,10:04:12,NA,NA,NA,NA,10:04:08,11,10:04:32,10:04:32,19,15,NA,11,444,20,154.9,10:04:06,CH1,147,CH2,7.900000000000006,221.2710970464135,0.7589894991800313,10:03:32,0.4183203120451013,10:02:30,0.6997954545454546,0.4003732057416268,0.017947106303474458,0.14285714285714285
ARTCAL,2022-08-30,10,2,25,2.7,1.6,0.5864000000000011,0,0.19,NA,10:06:42,26,51,1,10:07:05,M,10:12:15,10:12:28,NA,NA,NA,NA,10:12:18,6,10:16:28,10:16:28,19,15,NA,13,333,240,170.9,10:12:19,CH2,161.5,CH2,9.400000000000006,225.71042735042735,0.7592913303194178,10:09:23,0.4452539495465001,10:15:30,0.7183778501628665,0.4206498371335505,0.02460411241294963,0.14285714285714285
ARTCAL,2022-08-30,10,3,23,7,2.4,1.0564,2,0.16999999999999998,NA,10:18:02,27,47,0,NA,1,10:19:31,10:19:40,NA,NA,NA,NA,10:19:31,27,10:25:43,10:25:43,19,15,NA,9,89,363,176.5,10:19:40,CH2,174.3,CH2,2.1999999999999886,228.91195652173914,0.7721990087162769,10:22:51,0.47215374552405437,10:23:32,0.7465,0.4384523809523809,0.03370136457167344,0.14285714285714285
ARTCAL,2022-08-30,10,6,25,5,3,1.1964000000000006,8,0.16999999999999998,NA,10:43:31,34,40,0,NA,1,10:44:02,10:44:04,NA,NA,NA,NA,10:44:03,22,10:53:34,10:53:34,19,15,NA,2,31,570,178.2,10:44:04,CH2,174.2,CH2,4,232.35996677740863,0.8073149834117024,10:48:23,0.4807630343526649,10:51:22,0.7932,0.4507,0.030063034352664886,0.14285714285714285
ARTCAL,2022-08-30,10,8,25,6.5,3.6,0.9464000000000006,2,0.22999999999999998,NA,11:10:52,34,41,0,NA,M,11:20:48,11:20:49,11:20:54,11:21:05,NA,NA,11:20:48,21,11:22:06,11:22:06,19,15,secondary ignition is manual,1,596,77,179.8,11:20:48,CH1,175.6,CH2,4.200000000000017,232.504309063893,0.7957633761518551,11:18:56,0.48833054784028196,11:19:37,0.7621850877192983,0.4675947368421053,0.020735810998176674,0.14285714285714285
ARTCAL,2022-08-03,1,4,25,3.7,2.2,1.2864000000000004,0,0.22000000000000003,NA,10:48:21,28.1,46,1,10:49:53,0,NA,NA,NA,NA,NA,NA,NA,NA,10:55:20,10:55:20,19,16.5,NA,NA,NA,NA,NA,NA,NA,188.8,CH2,NA,227.01387559808612,0.808733455000783,10:51:33,0.4499683334249663,10:49:33,NA,NA,NA,0.14285714285714285
ARTCAL,2022-08-03,1,5,21.5,4.8,2.3,0.8164000000000016,0,0.19,NA,10:57:28,28.5,44,1,10:58:38,0,NA,NA,NA,NA,NA,NA,NA,NA,11:04:53,11:04:53,19,16.5,videos were started after plant was put in; plant is still rather green (ADDED 2 SECONDS),NA,NA,NA,NA,NA,NA,189,CH2,NA,228.71801801801803,0.8232409869915569,11:03:57,0.4551532430868192,11:03:41,NA,NA,NA,0.14285714285714285
ARTCAL,2022-08-03,2,1,25,13,8,2.6264000000000003,13,0.225,NA,11:07:45,29.3,42,1,11:08:11,0,NA,NA,NA,NA,NA,NA,NA,NA,11:13:19,11:13:19,19,16.5,NA,NA,NA,NA,NA,NA,NA,213.3,CH2,NA,228.33423423423423,0.8302809802923932,11:12:23,0.5077053019671536,11:13:06,NA,NA,NA,0.14285714285714285
ARTCAL,2022-08-03,3,1,21.5,4,3.7,1.3664000000000023,21,0.315,second cut ,11:33:57,30.1,41,1,11:34:30,0,NA,NA,NA,NA,NA,NA,NA,NA,11:38:15,11:38:15,19,16.5,NA,NA,NA,NA,NA,NA,NA,251,CH2,NA,227.00194552529183,0.8575525460916998,11:36:37,0.476835872184857,11:37:52,NA,NA,NA,0.14285714285714285
ARTCAL,2022-08-03,3,2,25,2.5,2.6,1.1463999999999999,21,0.25,NA,11:39:52,29.7,40,1,11:40:38,0,NA,NA,NA,NA,NA,NA,NA,NA,11:43:34,11:43:34,19,16.5,NA,NA,NA,NA,NA,NA,NA,253.4,CH2,NA,228.16244343891404,0.8447365603756367,11:40:14,0.47164146604944734,11:42:00,NA,NA,NA,0.14285714285714285
ARTCAL,2022-08-03,3,3,25,8.6,5.3,1.8963999999999999,12,0.25,NA,11:46:25,30,41,1,11:46:46,0,NA,NA,NA,NA,NA,NA,NA,NA,11:50:53,11:50:53,19,16.5,NA,NA,NA,NA,NA,NA,NA,248.6,CH2,NA,224.7797752808989,0.8182614280004517,11:48:42,0.4886166694970127,11:50:22,NA,NA,NA,0.14285714285714285
ARTCAL,2022-08-03,3,5,25,10,5.2,2.516400000000001,15,0.32,NA,12:03:35,29.3,34,1,12:03:46,0,NA,NA,NA,NA,NA,NA,NA,NA,12:10:52,12:10:52,19,16.5,NA,NA,NA,NA,NA,NA,NA,245.6,CH2,NA,226.9954128440367,0.8296809855179152,12:08:56,0.46849024114216825,12:10:14,NA,NA,NA,0.14285714285714285
ARTCAL,2022-08-03,4,1,25,5,3,1.1264000000000003,17,0.22000000000000003,NA,12:12:33,29.5,40,1,12:13:03,0,NA,NA,NA,NA,NA,NA,NA,NA,12:17:01,12:17:01,19,16.5,NA,NA,NA,NA,NA,NA,NA,250.4,CH2,NA,228.4,0.8401935678830544,12:16:06,0.4898742294478248,12:16:45,NA,NA,NA,0.14285714285714285
ARTCAL,2022-08-03,4,2,25,7.5,4.5,1.4464000000000006,12,0.19,NA,12:19:54,30.5,39,1,12:20:17,0,NA,NA,NA,NA,NA,NA,NA,NA,12:23:54,12:23:54,19,16.5,NA,NA,NA,NA,NA,NA,NA,245.4,CH2,NA,224.163179916318,0.847869532299144,12:23:08,0.47553683334941155,12:22:01,NA,NA,NA,0.14285714285714285
ARTCAL,2022-08-03,4,3,25,7,2.5,1.296400000000002,6,0.22000000000000003,NA,12:25:37,30.5,39,1,12:25:59,0,NA,NA,NA,NA,NA,NA,NA,NA,12:30:01,12:30:01,19,16.5,NA,NA,NA,NA,NA,NA,NA,236.5,CH2,NA,226.42737642585553,0.8417721083766447,12:25:53,0.4759119385094213,12:28:07,NA,NA,NA,0.14285714285714285
ARTCAL,2022-08-03,4,4,25,7.4,4.7,1.5964000000000027,14,0.16999999999999998,NA,12:31:49,30.7,39,1,12:32:12,0,NA,NA,NA,NA,NA,NA,NA,NA,12:36:12,12:36:12,19,16.5,NA,NA,NA,NA,NA,NA,NA,228.6,CH2,NA,226.4973282442748,0.8271826255515318,12:34:07,0.6138813169683545,12:35:42,NA,NA,NA,0.14285714285714285
ARTCAL,2022-08-03,4,7,25,5.1,3.1,1.0664000000000016,3,0.16,NA,12:54:27,32.2,37,1,12:54:40,0,NA,NA,NA,NA,NA,NA,NA,NA,13:04:29,13:04:29,19,16.5,NA,NA,NA,NA,NA,NA,NA,220.1,CH2,NA,229.25291181364392,0.8174784694934725,12:59:40,0.4778988477412692,13:01:50,NA,NA,NA,0.14285714285714285
ARTCAL,2022-08-03,5,3,25,2.9,3,1.7264000000000017,2,0.16999999999999998,NA,13:34:09,31.6,41,1,13:34:49,0,NA,NA,NA,NA,NA,NA,NA,NA,13:42:10,13:42:10,19,16.5,NA,NA,NA,NA,NA,NA,NA,205.3,CH2,NA,228.32375,0.8348116141830054,13:37:10,0.47934976634991194,13:40:12,NA,NA,NA,0.14285714285714285
ARTCAL,2022-08-03,5,4,25,3,2.2,0.7764000000000024,0,0.11000000000000001,NA,13:48:32,31.6,39,1,13:50:03,0,NA,NA,NA,NA,NA,NA,NA,NA,13:53:30,13:53:30,19,16.5,NA,NA,NA,NA,NA,NA,NA,205.1,CH2,NA,226.82760942760942,0.8508803212433242,13:50:44,0.48461438615144314,13:52:11,NA,NA,NA,0.14285714285714285
ARTCAL,2022-08-03,5,5,25,2.9,2.1,1.7364000000000033,5,0.13,NA,13:54:58,31.7,39,1,13:57:05,0,NA,NA,NA,NA,NA,NA,NA,NA,14:01:16,14:01:16,19,16.5,torched heavily being put in,NA,NA,NA,NA,NA,NA,202.8,CH2,NA,229.90185676392574,0.8504241000820688,13:56:16,0.48503959112190054,13:56:20,NA,NA,NA,0.14285714285714285
ARTCAL,2022-08-03,6,3,25,10.5,4.2,1.7064000000000021,4,0.22999999999999998,NA,14:32:24,33,35,1,14:33:11,0,NA,NA,NA,NA,NA,NA,NA,NA,14:53:08,14:53:08,19,16.5,NA,NA,NA,NA,NA,NA,NA,219.4,CH2,NA,233.0864038616251,0.8352578764400005,14:52:26,0.49751017750237125,14:40:46,NA,NA,NA,0.14285714285714285
ARTCAL,2022-08-25,7,1,25,1,0.5,1.0164000000000009,0,0.155,NA,11:02:05,30.6,46,1,11:04:36,0,NA,NA,NA,NA,NA,NA,NA,NA,11:07:31,11:07:31,19,15,NA,NA,NA,NA,NA,NA,NA,168.8,CH1,NA,234.94676923076923,0.8471337405158079,11:04:43,0.4871691230618234,11:04:19,NA,NA,NA,0.14285714285714285
ARTCAL,2022-08-25,7,2,25,6,3,1.5364000000000004,8,0.15,sub-branches are very small- 2-3 cm,11:08:43,31.1,44,1,11:09:17,0,NA,NA,NA,NA,NA,NA,NA,NA,11:14:03,11:14:03,19,15,NA,NA,NA,NA,NA,NA,NA,170.1,CH2,NA,234.18307210031347,0.842946689168542,11:13:06,0.48557877603713884,11:12:26,NA,NA,NA,0.14285714285714285
ARTCAL,2022-08-25,7,3,25,3.9,2.4,1.3264000000000031,2,0.135,NA,11:15:26,30.8,45,1,11:16:07,0,NA,NA,NA,NA,NA,NA,NA,NA,11:18:41,11:18:41,19,15,NA,NA,NA,NA,NA,NA,NA,177.1,CH2,NA,235.43556701030928,0.8686984131752975,11:17:00,0.4920647540930724,11:18:05,NA,NA,NA,0.14285714285714285
ARTCAL,2022-08-25,7,5,25,1.5,0.5,0.7164000000000001,0,0.12,NA,11:34:42,31.9,41,1,11:35:54,0,NA,NA,NA,NA,NA,NA,NA,NA,11:37:52,11:37:52,19,15,NA,NA,NA,NA,NA,NA,NA,184,CH2,NA,240.22169312169314,0.87190499365165,11:35:38,0.5018309027239765,11:35:37,NA,NA,NA,0.14285714285714285
ARTCAL,2022-08-25,7,6,25,2,1,0.926400000000001,0,0.18,NA,11:45:44,33,38,1,11:47:09,0,NA,NA,NA,NA,NA,NA,NA,NA,11:49:07,11:49:07,19,15,NA,NA,NA,NA,NA,NA,NA,184.2,CH2,NA,238.75742574257427,0.8938042222863456,11:48:13,0.5028792390270483,11:48:30,NA,NA,NA,0.14285714285714285
ARTCAL,2022-08-25,8,1,22,2,1.6,0.5864000000000011,0,0.15,NA,12:52:32,33.1,37,1,12:52:44,0,NA,NA,NA,NA,NA,NA,NA,NA,12:57:26,12:57:26,19,15,NA,NA,NA,NA,NA,NA,NA,189.5,CH2,NA,237.21296928327646,0.8615906576733529,12:57:03,0.5177628977663592,12:52:55,NA,NA,NA,0.14285714285714285
ARTCAL,2022-08-25,8,2,25,1,0.5,0.4964000000000013,0,0.15,NA,12:58:34,32.9,38,1,12:58:50,0,NA,NA,NA,NA,NA,NA,NA,NA,13:02:11,13:02:11,19,15,NA,NA,NA,NA,NA,NA,NA,189.3,CH2,NA,233.5648148148148,0.8673266894106758,12:59:35,0.5164589555249988,13:00:42,NA,NA,NA,0.14285714285714285
ARTCAL,2022-08-25,8,3,25,6.8,5.6,1.8764000000000003,10,0.13999999999999999,NA,13:03:23,32.6,38,1,13:03:24,0,NA,NA,NA,NA,NA,NA,NA,NA,13:10:33,13:10:33,19,15,NA,NA,NA,NA,NA,NA,NA,185.9,CH2,NA,234.96596736596737,0.8637751626693703,13:07:20,0.5085094641924305,13:08:54,NA,NA,NA,0.14285714285714285
ARTCAL,2022-08-25,8,4,25,2.5,1.4,1.0564,1,0.16,NA,13:14:15,32.1,39,1,13:14:27,0,NA,NA,NA,NA,NA,NA,NA,NA,13:16:22,13:16:22,19,15,NA,NA,NA,NA,NA,NA,NA,184,CH2,NA,234.54365079365078,0.8882781729751417,13:14:40,0.5210000000000001,13:15:38,NA,NA,NA,0.14285714285714285
ARTCAL,2022-08-25,8,5,24.8,2.3,1.2,1.1864000000000026,2,0.24,very small subranches- ~1cm,13:20:20,32,39,1,13:20:58,0,NA,NA,NA,NA,NA,NA,NA,NA,13:28:12,13:28:12,19,15,NA,NA,NA,NA,NA,NA,NA,183.8,CH2,NA,233.23821656050956,0.8533112541028045,13:21:04,0.5004723793143924,13:25:08,NA,NA,NA,0.14285714285714285
ARTCAL,2022-08-25,8,6,25,5,2.2,1.1864000000000026,2,0.155,NA,13:30:06,31.7,41,1,13:30:21,0,NA,NA,NA,NA,NA,NA,NA,NA,13:34:49,13:34:49,19,15,NA,NA,NA,NA,NA,NA,NA,181.8,CH2,NA,229.3822695035461,0.8566436586163011,13:32:41,0.4956825505657766,13:34:24,NA,NA,NA,0.14285714285714285
ARTCAL,2022-08-25,8,8,25,3.6,1.6,0.9764000000000017,3,0.2,NA,13:45:00,31.4,40,1,13:45:26,0,NA,NA,NA,NA,NA,NA,NA,NA,13:50:11,13:50:11,19,15,glow ipad unusable; glow metrics garnered from lower ipad,NA,NA,NA,NA,NA,NA,195.2,CH2,NA,234.82903225806453,0.8674348315000856,13:46:43,0.5135344962509816,13:47:35,NA,NA,NA,0.14285714285714285
ARTCAL,2022-08-25,8,9,25,8.2,2.5,1.4764000000000017,2,0.24500000000000002,NA,13:51:32,31.6,40,1,13:52:02,0,NA,NA,NA,NA,NA,NA,NA,NA,13:57:57,13:57:57,19,15,glow ipad unusable; glow metrics garnered from lower ipad,NA,NA,NA,NA,NA,NA,191.9,CH2,NA,233.84375,0.8577756459879204,13:53:08,0.5019469315521911,13:55:52,NA,NA,NA,0.14285714285714285
ARTCAL,2022-08-25,8,10,25,1.5,0.9,0.7364000000000033,0,0.155,NA,13:59:09,31.6,40,1,13:59:28,0,NA,NA,NA,NA,NA,NA,NA,NA,14:05:55,14:05:55,19,15,glow ipad unusable; glow metrics garnered from lower ipad,NA,NA,NA,NA,NA,NA,192.9,CH2,NA,234.30592592592592,0.8684934334857101,14:04:07,0.5117813123471086,14:02:57,NA,NA,NA,0.14285714285714285
ARTCAL,2022-08-25,9,1,25,1.7,1,0.7164000000000001,0,0.13,NA,14:07:15,32,39,1,14:08:35,0,NA,NA,NA,NA,NA,NA,NA,NA,14:14:27,14:14:27,19,15,glow ipad unusable; glow metrics garnered from lower ipad,NA,NA,NA,NA,NA,NA,199.8,CH2,NA,236.41763341067286,0.8540912666481861,14:13:13,0.5199722904501034,14:12:53,NA,NA,NA,0.14285714285714285
ARTCAL,2022-08-25,9,2,25,1.5,1.3,0.8963999999999999,0,0.145,NA,14:15:37,32.1,38,1,14:15:55,0,NA,NA,NA,NA,NA,NA,NA,NA,14:19:57,14:19:57,19,15,glow ipad unusable; glow metrics garnered from lower ipad,NA,NA,NA,NA,NA,NA,190.3,CH2,NA,234.4162162162162,0.858939411059545,14:17:46,0.5111679116603072,14:18:59,NA,NA,NA,0.14285714285714285
ARTCAL,2022-08-25,9,3,25,2.8,1.5,0.9364000000000026,0,0.12,NA,14:21:08,32,38,1,14:21:33,0,NA,NA,NA,NA,NA,NA,NA,NA,14:22:52,14:22:52,19,15,glow ipad unusable; glow metrics garnered from lower ipad,NA,NA,NA,NA,NA,NA,195.6,CH2,NA,232.75728155339806,0.8977383638730126,14:21:46,0.5554999999999999,14:22:35,NA,NA,NA,0.14285714285714285
ARTCAL,2022-08-25,9,4,25,2.6,1.3,0.9364000000000026,1,0.16,NA,14:24:05,31.7,39,1,14:24:27,0,NA,NA,NA,NA,NA,NA,NA,NA,14:29:57,14:29:57,19,15,glow ipad unusable; glow metrics garnered from lower ipad,NA,NA,NA,NA,NA,NA,187.6,CH2,NA,234.6279202279202,0.8601832400136733,14:26:09,0.521138163502141,14:29:01,NA,NA,NA,0.14285714285714285
ARTCAL,2022-08-25,9,5,25,7.5,3.1,1.2464000000000013,3,0.16,NA,14:31:14,31.4,39,1,14:31:24,0,NA,NA,NA,NA,NA,NA,NA,NA,14:36:01,14:36:01,19,15,glow ipad unusable; glow metrics garnered from lower ipad,NA,NA,NA,NA,NA,NA,201.3,CH2,NA,236.40104895104895,0.8631396434673722,14:32:55,0.5206452546393945,14:35:37,NA,NA,NA,0.14285714285714285
ARTCAL,2022-08-25,9,6,25,2,1.7,0.8864000000000019,0,0.18,NA,14:37:05,31.8,39,1,14:37:34,0,NA,NA,NA,NA,NA,NA,NA,NA,14:39:52,14:39:52,19,15,glow ipad unusable; glow metrics garnered from lower ipad,NA,NA,NA,NA,NA,NA,190.4,CH2,NA,235.9957831325301,0.8893917339783144,14:38:21,0.5132457136293599,14:38:35,NA,NA,NA,0.14285714285714285
ARTCAL,2022-08-25,9,7,24.5,2.3,1.1,0.676400000000001,1,0.15,NA,14:41:00,32,38,1,14:41:41,0,NA,NA,NA,NA,NA,NA,NA,NA,14:44:16,14:44:16,19,15,glow ipad unusable; glow metrics garnered from lower ipad,NA,NA,NA,NA,NA,NA,194.6,CH2,NA,236.3594871794872,0.8746642021693252,14:41:24,0.5289480103316649,14:42:55,NA,NA,NA,0.14285714285714285
ARTCAL,2022-08-25,9,8,25,3.5,2,1.2564000000000028,1,0.13,NA,14:45:13,32,36,1,14:45:23,0,NA,NA,NA,NA,NA,NA,NA,NA,14:51:50,14:51:50,19,15,glow ipad unusable; glow metrics garnered from lower ipad,NA,NA,NA,NA,NA,NA,189.8,CH2,NA,234.89545454545456,0.8697916197742681,14:50:43,0.5142412906638948,14:46:25,NA,NA,NA,0.14285714285714285
ARTCAL,2022-08-03,1,2,25,4.8,3,1.1964000000000006,0,0.16,NA,10:28:58,27.4,49,1,10:29:55,0,NA,NA,NA,NA,NA,NA,NA,NA,10:36:25,10:36:25,19,16.5,videos were started after plant was put in; plant is still rather green (ADDED 2 SECONDS),NA,NA,NA,NA,NA,NA,186.1,CH2,NA,224.72869955156952,0.7872275805318902,10:30:22,0.4392540058139405,10:36:14,NA,NA,NA,0.14285714285714285
ARTCAL,2022-08-03,1,3,25,7.1,5,1.3963999999999999,1,0.2,NA,10:38:13,27.6,47,1,10:38:55,0,NA,NA,NA,NA,NA,NA,NA,NA,10:45:53,10:45:53,19,16.5,NA,NA,NA,NA,NA,NA,NA,193.1,CH2,NA,227.0483660130719,0.804986209674934,10:42:26,0.43846795511680453,10:42:07,NA,NA,NA,0.14285714285714285
ARTCAL,2022-08-30,10,7,25,9,3.5,1.1463999999999999,2,0.19,NA,10:55:00,34,41,1,10:55:19,0,NA,NA,NA,NA,NA,NA,NA,NA,11:08:18,11:08:18,19,15,NA,NA,NA,NA,NA,NA,NA,178.9,CH2,NA,234.5414052697616,0.7991841387025608,11:07:14,0.48294176130002664,11:07:48,NA,NA,NA,0.14285714285714285
ARTCAL,2022-08-30,10,5,25,4.8,2,0.6964000000000006,5,0.19,NA,10:36:56,28.4,42,1,10:37:41,0,NA,NA,NA,NA,NA,NA,NA,NA,10:41:57,10:41:57,19,15,NA,NA,NA,NA,NA,NA,NA,174,CH2,NA,230.15166666666667,0.7916259381715403,10:40:56,0.47202597831906945,10:39:01,NA,NA,NA,0.14285714285714285
ARTCAL,2022-08-30,10,4,25,2.8,1.5,0.666400000000003,1,0.22999999999999998,NA,10:27:42,27.5,42,1,10:28:06,0,NA,NA,NA,NA,NA,NA,NA,NA,10:35:37,10:35:37,19,15,NA,NA,NA,NA,NA,NA,NA,167.3,CH2,NA,230.3246835443038,0.7808984571462608,10:32:14,0.4672659676776374,10:33:28,NA,NA,NA,0.14285714285714285
CEAGRI,2022-07-20,1,3,25,21,4,4.6264,6,0.35,NA,11:38:56,36.7,32,0,NA,M,11:44:09,11:44:35,NA,NA,NA,NA,11:44:11,28,11:48:19,11:48:19,19,14,NA,26,313,224,172.7,11:44:22,CH1,157.9,CH1,14.799999999999983,231.4023131672598,0.8934145054584127,11:43:33,0.5440703911931256,11:43:29,0.7470696864111498,0.46347909407665505,0.08059129711647056,0.16666666666666666
CEAGRI,2022-07-20,1,4,25,8.8,5.6,4.996400000000001,8,0.45,NA,11:51:12,37.3,31,0,NA,M,11:56:31,11:56:48,NA,NA,NA,NA,11:56:31,40,11:58:13,11:58:13,19,14,NA,17,319,85,199.4,11:56:31,CH1,154,CH1,45.400000000000006,226.74309523809524,0.8466701613013539,11:55:52,0.5566314742383833,11:55:50,0.7575921501706485,0.4560529010238908,0.10057857321449254,0.16666666666666666
CEAGRI,2022-07-20,1,2,25,14,5,4.176400000000001,12,0.47000000000000003,NA,11:27:23,33.8,33,0,NA,M,11:32:58,11:33:27,NA,NA,NA,NA,11:33:10,25,11:35:56,11:35:56,19,14,NA,29,335,149,179.1,11:32:58,CH1,148.2,CH1,30.900000000000006,228.7140625,0.8473018137602283,11:32:34,0.5009336338143857,11:32:32,0.7246699029126213,0.43506957928802586,0.06586405452635985,0.16666666666666666
CEAGRI,2022-07-20,2,3,25,8.4,6.2,7.1264,12,0.25,NA,13:07:06,33.7,37,0,NA,M,13:12:32,13:12:47,NA,NA,NA,NA,13:12:34,40,13:20:08,13:20:08,19,14,NA,15,326,441,170.3,13:12:44,CH1,160,CH2,10.300000000000011,229.65582586427658,0.8192884409210777,13:12:00,0.5199193950748209,13:11:48,0.75479,0.46623333333333333,0.053686061741487545,0.16666666666666666
CEAGRI,2022-07-20,2,4,25,6.4,14.2,7.9664,6,0.21000000000000002,NA,13:23:11,34.3,37,0,NA,M,13:28:22,13:28:54,NA,NA,NA,NA,13:28:34,35,13:30:39,13:30:39,19,14,NA,32,311,105,195.2,13:28:22,CH1,180.8,CH2,14.399999999999977,228.58434004474273,0.9067058493936936,13:27:45,0.5821395196161397,13:27:43,0.780280701754386,0.4705684210526316,0.11157109856350816,0.16666666666666666
CEAGRI,2022-07-20,2,1,25,17.1,12.8,5.776400000000002,10,0.32,NA,12:00:45,36.6,32,0,NA,M,12:05:58,12:06:27,NA,NA,NA,NA,12:05:59,37,12:07:45,12:07:45,19,14,NA,29,313,78,181.3,12:05:58,CH1,164.8,CH1,16.5,228.81169451073987,0.8714680996451557,12:05:22,0.5489980756330364,12:05:27,0.7562090592334495,0.4515574912891986,0.09744058434383779,0.16666666666666666
CEAGRI,2022-07-20,2,2,25,18.1,5.5,8.6964,10,0.31,NA,12:10:40,36.5,32,0,NA,M,12:15:48,12:16:07,NA,NA,NA,NA,12:15:49,32,12:18:06,12:18:06,19,14,NA,19,308,119,184.3,12:15:48,CH1,159.6,CH1,24.700000000000017,225.9658426966292,0.8255226567280097,12:15:41,0.6275233469680916,12:15:00,0.7483812056737589,0.46111347517730494,0.1664098717907867,0.16666666666666666
CEAGRI,2022-07-20,3,1,20.5,19.3,7.7,7.086400000000001,6,0.22000000000000003,NA,14:05:37,31.5,39,0,NA,M,14:11:13,14:11:21,14:10:55,14:11:07,NA,NA,14:11:16,44,14:12:27,14:12:27,19,14,broke in half,8,336,66,195.3,14:11:13,CH2,192.4,CH2,2.9000000000000057,228.7640586797066,0.8211018404214918,14:11:43,0.5669821818902454,14:10:25,0.7652032258064516,0.4583854838709677,0.10859669801927768,0.16666666666666666
CEAGRI,2022-07-20,3,2,25,13.5,6.9,6.166400000000003,10,0.185,NA,14:15:16,31.9,38,0,NA,M,14:20:26,14:20:48,NA,NA,NA,NA,14:20:27,39,14:26:19,14:26:19,19,14,NA,22,310,331,205.6,14:20:26,CH2,203.8,CH2,1.799999999999983,234.1513595166163,0.8306389837855543,14:19:57,0.5539416430504815,14:19:45,0.7741919014084507,0.4739330985915493,0.08000854445893224,0.16666666666666666
CEAGRI,2022-07-20,2,5,25,17.5,8,7.3764,8,0.2,NA,13:34:59,33,39,0,NA,1,13:36:14,13:36:28,NA,NA,NA,NA,13:36:17,35,13:40:03,13:40:03,19,14,NA,14,75,215,198.4,13:36:14,CH2,179.4,CH2,19,228.36897689768978,0.9380253617718031,13:35:30,0.6011752443964963,13:35:28,0.8236530612244898,0.5044693877551021,0.0967058566413942,0.16666666666666666
CEAGRI,2022-07-20,2,7,25,13,10,5.616400000000002,4,0.18,NA,13:54:41,33.1,36,0,NA,M,13:59:59,14:00:27,NA,NA,NA,NA,14:00:17,19,14:02:58,14:02:58,19,14,NA,28,318,151,197.5,14:00:16,CH2,194.6,CH2,2.9000000000000057,229.35221774193548,0.9020303770838765,13:59:29,0.5414840868744251,13:59:25,0.7934520547945205,0.464833904109589,0.07665018276483604,0.16666666666666666
CEAGRI,2022-07-20,3,5,25,16.2,8.7,8.8564,4,0.185,NA,14:48:34,32.8,36,0,NA,M,14:54:08,14:54:44,NA,NA,NA,NA,14:54:22,36,14:58:54,14:58:54,19,14,NA,36,334,250,191.6,14:54:08,CH1,194.4,CH2,-2.8000000000000114,229.0205169628433,0.8746300744532614,14:53:38,0.5905466879791244,14:53:31,0.801262987012987,0.4857435064935065,0.10480318148561785,0.16666666666666666
CEAGRI,2022-07-20,3,6,25,13.4,7,8.3064,6,0.12,NA,15:03:23,32.7,36,0,NA,M,15:08:34,15:09:27,NA,NA,NA,NA,15:08:35,39,15:11:25,15:11:25,19,14,NA,53,311,118,202,15:09:27,CH2,203.9,CH2,-1.9000000000000057,232.73783783783784,0.8652911877038137,15:08:17,0.5510097554961897,15:07:49,0.7942947368421053,0.4566421052631579,0.09436765023303179,0.16666666666666666
CEAGRI,2022-07-20,4,1,25,16,6.2,5.476400000000002,11,0.32,NA,15:13:57,31.8,37,0,NA,M,15:19:12,15:19:34,NA,NA,NA,NA,15:19:13,35,15:20:30,15:20:30,19,14,NA,22,315,56,193.1,15:19:12,CH2,195.1,CH2,-2,233.997193877551,0.9238705996811377,15:18:40,0.563103079085747,15:18:39,0.7992923875432526,0.48101038062283735,0.08209269846290962,0.16666666666666666
CEAGRI,2022-07-20,4,2,25,7.5,7.3,2.7764000000000024,7,0.33999999999999997,NA,15:23:23,32,37,0,NA,M,15:28:41,15:28:48,NA,NA,NA,NA,15:28:47,30,15:29:55,15:29:55,19,14,NA,7,318,67,207.8,15:28:48,CH2,198.8,CH2,9,234.8621483375959,0.8153099281733363,15:24:19,0.5138415579551061,15:28:05,0.7722174657534246,0.48398116438356165,0.029860393571544463,0.16666666666666666
CEAGRI,2022-07-20,4,3,12.1,23,12.7,5.636400000000002,5,0.38,NA,15:34:59,33,35,0,NA,M,15:40:37,15:40:57,NA,NA,NA,NA,15:40:38,23,15:41:58,15:41:58,19,14,NA,20,338,61,203.3,15:40:37,CH2,199.8,CH2,3.5,230.1681818181818,0.8498984140284411,15:40:07,0.5315426228706305,15:40:04,0.7927516025641026,0.48243589743589743,0.049106725434733045,0.16666666666666666
CEAGRI,2022-07-20,4,4,23,9,3.4,2.7264000000000017,0,0.27999999999999997,NA,15:44:14,32,37,0,NA,M,15:49:29,15:49:44,NA,NA,NA,NA,15:49:31,29,15:50:43,15:50:43,19,14,NA,15,315,59,199.2,15:49:30,CH2,211.7,CH2,-12.5,234.08840206185567,0.8522755946097496,15:45:02,0.5377351225234388,15:48:51,0.791136678200692,0.48046712802768166,0.057267994495757146,0.16666666666666666
CEAGRI,2022-07-20,4,5,25,32,18,20.5364,9,0.21000000000000002,NA,15:53:08,32.1,36,0,NA,M,16:02:01,16:02:28,NA,NA,NA,NA,16:02:07,33,16:12:19,16:12:19,19,14,NA,27,533,591,183.9,16:02:25,CH1,196.7,CH2,-12.799999999999983,237.818,0.8690481372841832,16:01:32,0.5866373624157888,16:01:23,0.8058353057199211,0.4893392504930966,0.09729811192269217,0.16666666666666666
CEAGRI,2022-07-20,4,6,25,15.2,10.3,6.026400000000002,5,0.265,NA,16:15:12,33,34,0,NA,1,16:20:15,16:21:23,NA,NA,NA,NA,16:20:22,35,16:23:54,16:23:54,19,14,NA,68,303,151,197,16:20:15,CH2,188.9,CH2,8.099999999999994,241.14446601941748,0.8666954479524998,16:19:40,0.5690286339630174,16:19:35,0.8010541516245487,0.5158249097472924,0.053203724215724946,0.16666666666666666
CEAGRI,2022-10-04,5,1,25,13.5,4.6,4.116400000000002,9,0.25,this plant was scale infested,14:29:41,28.6,47,0,NA,1,14:33:30,14:34:03,NA,NA,NA,NA,14:33:41,39,14:36:01,14:36:01,19,16,NA,33,229,118,231.4,14:33:48,CH2,230.4,CH2,1,226.41952506596306,0.8696328996369036,14:32:31,0.4816100922339277,14:32:33,0.7926379310344828,0.43041625615763546,0.05119383607629224,0.16666666666666666
CEAGRI,2022-10-04,5,2,25,7.6,3.9,3.086400000000001,11,0.33999999999999997,NA,14:39:22,28.3,46,0,NA,1,14:40:46,14:41:13,NA,NA,NA,NA,14:40:52,37,14:43:56,14:43:56,19,16,NA,27,84,163,219.5,14:40:59,CH2,221.2,CH2,-1.6999999999999886,224.6868131868132,0.8799138246053793,14:40:22,0.4907705612643193,14:39:41,0.8155517241379311,0.4455086206896552,0.045261940574664095,0.16666666666666666
CEAGRI,2022-10-04,5,4,25,22,6.5,5.926400000000001,11,0.42000000000000004,v-shaped,15:20:23,27,45,0,NA,1,15:26:18,15:26:42,15:21:02,15:21:10,NA,NA,15:26:27,39,15:28:38,15:28:38,19,16,NA,24,355,116,233,15:26:40,CH2,228.5,CH2,4.5,231.55242914979758,0.8846597913782468,15:25:29,0.5163613749862707,15:25:28,0.8115942249240121,0.4550015197568389,0.06135985522943177,0.16666666666666666
CEAGRI,2022-07-20,3,3,25,8.5,6.3,5.816400000000002,5,0.2,NA,14:29:55,33,36,0,NA,M,14:35:25,14:35:32,14:35:12,14:35:29,NA,NA,14:35:26,38,14:36:34,14:36:34,19,14,second manual ignition occurred while sample was on fire from first ignition,7,330,62,206.2,14:35:25,CH2,198.7,CH2,7.5,229.70326633165828,0.8507022996768813,14:29:55,0.5117277142745978,14:34:53,0.7777368421052632,0.46382401315789473,0.04790370111670311,0.16666666666666666
CEAGRI,2022-07-20,3,4,25,6.7,6.2,4.1264,3,0.15,NA,14:39:43,32.7,36,0,NA,M,14:44:58,14:45:21,NA,NA,NA,NA,14:45:00,32,14:46:03,14:46:03,19,14,NA,23,315,42,200.8,14:45:11,CH2,199.9,CH2,0.9000000000000057,233.07730870712402,0.8594616048257687,14:44:33,0.5484711977358854,14:44:19,0.782636678200692,0.47227162629757785,0.07619957143830752,0.16666666666666666
CEAGRI,2022-10-04,6,3,25,4.6,2.9,1.8464000000000027,0,0.27,NA,16:22:23,27.1,43,0,NA,M,16:29:08,16:29:37,NA,NA,NA,NA,16:29:11,20,16:30:38,16:30:38,19,16,NA,29,405,61,228.7,16:29:24,CH2,226.4,CH2,2.299999999999983,234.2995951417004,0.872180407713052,16:26:53,0.5008161848798108,16:26:52,0.831457783641161,0.467179419525066,0.03363676535474486,0.16666666666666666
CEAGRI,2022-10-04,6,4,25,8.1,5.5,2.666400000000003,6,0.25,NA,16:34:09,26.6,42,0,NA,M,16:40:46,16:40:59,NA,NA,NA,NA,16:40:46,25,16:41:50,16:41:50,19,16,NA,13,397,51,222.8,16:40:46,CH2,220.7,CH2,2.1000000000000227,235.88695652173914,0.8802656525772665,16:37:09,0.5086489827350262,16:39:25,0.8355215633423181,0.4805835579514825,0.028065424783543735,0.16666666666666666
CEAGRI,2022-10-04,5,3,24,7.5,3.5,3.5364000000000004,9,0.37,NA,14:50:22,28,44,0,NA,0,NA,NA,NA,NA,NA,NA,NA,NA,NA,14:58:09,19,16,no ignition or glow,NA,NA,NA,NA,NA,NA,134.1,CH2,NA,202.40321888412018,0.6312435914140369,14:51:43,0.30283353964581944,14:51:03,NA,NA,NA,0.16666666666666666
CEAGRI,2022-10-04,5,5,23,6.4,3.7,2.166400000000003,5,0.22000000000000003,NA,15:40:56,27.6,41,0,NA,M,15:47:00,15:47:18,NA,NA,NA,NA,15:47:05,28,15:48:11,15:48:11,19,16,NA,18,364,53,124.7,15:47:12,CH1,128.7,CH1,-3.999999999999986,206.97096774193548,0.6455646252496574,15:47:53,0.3098061202668929,15:48:10,0.5835739644970415,0.2805162721893491,0.029289848077543812,0.16666666666666666
CEAGRI,2022-10-04,6,1,25,13.7,5.1,2.756400000000003,9,0.24,NA,15:55:05,27.6,43,0,NA,M,16:01:50,16:02:20,16:00:44,16:00:53,NA,NA,16:01:52,31,16:03:16,16:03:16,19,16,NA,30,405,56,205,16:01:50,CH2,188,CH2,17,226.374693877551,0.8394217794782035,16:02:37,0.45610143543819287,16:02:17,0.769410290237467,0.42181398416886545,0.03428745126932742,0.16666666666666666
CEAGRI,2022-07-20,1,1,25,13.6,6.8,5.096400000000003,9,0.3,NA,11:05:38,28,44,0,NA,M,11:13:11,11:13:43,NA,NA,NA,NA,11:13:21,27,11:14:35,11:14:35,19,14,NA,32,453,52,180.8,11:13:11,CH1,152.6,CH1,28.200000000000017,228.52108208955224,0.8432314162126238,11:12:42,0.5470791970114859,11:12:36,0.7363454332552694,0.44174590163934424,0.10533329537214164,0.16666666666666666
ERIKAR,2022-08-02,1,1,25,4,2.5,0.4964000000000013,0,0.18,NA,12:14:55,37.4,35,0,NA,M,12:20:48,12:20:53,NA,NA,NA,NA,12:20:48,6,12:23:44,12:23:44,19,16,ERIKAR on 8/2 was manually ingnited via lighter not bunsen burner,5,353,171,179.9,12:20:53,CH1,179.4,CH2,0.5,209.14242424242425,0.6649815915119751,12:23:27,0.4021267973798792,12:21:20,0.6221422018348624,0.3786880733944954,0.023438723985383825,0.04081632653061224
ERIKAR,2022-08-02,1,2,25,4,2.5,0.426400000000001,0,0.22000000000000003,NA,12:25:17,36.9,35,0,NA,1,12:32:22,12:32:25,NA,NA,NA,NA,12:32:23,7,12:35:50,12:35:50,19,16,NA,3,425,205,185,12:32:25,CH1,175.3,CH2,9.699999999999989,212.53639240506328,0.6930104400586041,12:27:37,0.41224241525956373,12:31:15,0.664983709273183,0.3923308270676692,0.019911588191894536,0.04081632653061224
ERIKAR,2022-08-02,1,3,21.2,3.7,2.4,0.2264000000000017,0,0.16999999999999998,NA,12:37:27,36.3,35,0,NA,M,12:49:20,12:49:23,12:49:16,12:49:17,NA,NA,12:49:22,8,12:51:32,12:51:32,19,16,"Glow Cam cut off early- went based entirely on clap for end of glow- first ignition from door opening, second from lighter",3,713,129,178.8,12:49:23,CH1,183.4,CH2,-4.599999999999994,214.4255924170616,0.6983707258824037,12:47:47,0.4210045074197823,12:51:10,0.6633719068413392,0.40363173216885007,0.017372775250932226,0.04081632653061224
ERIKAR,2022-08-02,1,4,25,3.4,1.5,0.7064000000000021,0,0.32999999999999996,NA,12:53:08,35.5,35,0,NA,1,12:59:41,12:59:45,NA,NA,NA,NA,12:59:42,11,13:02:12,13:02:12,19,16,Glow cam cut out again,4,393,147,180.4,12:59:44,CH1,178,CH2,2.4000000000000057,214.36372007366484,0.7131107495013943,12:54:06,0.42874642898237747,12:57:00,0.6732738419618529,0.40980790190735694,0.018938527075020528,0.04081632653061224
ERIKAR,2022-08-02,1,6,25,2.6,2,0.4864000000000033,0,0.27999999999999997,NA,14:31:07,31.3,43,0,NA,M,14:44:58,14:45:03,NA,NA,NA,NA,14:45:02,13,14:46:22,14:46:22,19,16,NA,5,831,79,181.4,14:45:00,CH1,169,CH2,12.400000000000006,212.29080962800876,0.6655799532478491,14:44:43,0.41562077435841505,14:42:59,0.640695652173913,0.3900577639751553,0.025563010383259754,0.04081632653061224
ERIKAR,2022-08-02,2,3,23.6,4,1.2,0.296400000000002,0,0.29,NA,15:22:29,33.9,34,0,NA,M,15:38:28,15:38:29,15:38:23,15:38:23,NA,NA,15:38:28,7,15:42:37,15:42:37,19,16,NA,1,959,248,184.9,15:38:28,CH2,185.4,CH2,-0.5,217.79353769676885,0.6992928867296089,15:41:37,0.4523231054976662,15:35:41,0.6637325830653805,0.43060289389067524,0.021720211606990947,0.04081632653061224
ERIKAR,2022-08-02,2,4,25,3.2,2.8,0.5564,0,0.22000000000000003,NA,15:49:10,30.5,34,0,NA,M,16:02:29,16:02:33,NA,NA,NA,NA,16:02:29,13,16:10:17,16:10:17,19,16,NA,4,799,464,179.9,16:02:29,CH2,188.2,CH2,-8.299999999999983,217.86635071090046,0.6895519554849591,16:06:49,0.45152528904884043,16:00:15,0.6614391979301423,0.4300692108667529,0.0214560781820875,0.04081632653061224
ERIKAR,2022-08-02,2,5,25,10,3.3,0.5964000000000027,2,0.22999999999999998,NA,16:12:01,30.6,35,0,NA,M,16:23:06,16:23:09,NA,NA,NA,NA,16:23:07,7,16:26:40,16:26:40,19,16,NA,3,665,211,186.4,16:23:09,CH2,186.8,CH2,-0.4000000000000057,221.2136674259681,0.690089873508571,16:24:40,0.4542190035552085,16:13:04,0.6657308294209703,0.4351197183098591,0.019099285245349373,0.04081632653061224
ERIKAR,2022-08-02,3,1,25,3.1,1.8,0.3764000000000003,0,0.22999999999999998,NA,16:28:55,30.6,36,0,NA,M,16:39:24,16:39:26,NA,NA,NA,NA,16:39:25,6,16:41:55,16:41:55,19,16,NA,2,629,149,186.2,16:39:25,CH2,183.9,CH2,2.299999999999983,221.19345314505776,0.7314490586984782,16:41:55,0.463916994150543,16:32:09,0.6684485903814262,0.43378192371475954,0.03013507043578345,0.04081632653061224
ERIKAR,2022-08-23,4,5,25,6.5,5.4,1.6864000000000026,2,0.15,Y- shaped,11:40:14,28.3,45,0,NA,M,11:50:50,11:51:02,NA,NA,NA,NA,11:50:50,8,11:52:16,11:52:16,19,15,NA,12,636,74,179.5,11:50:59,CH2,167.1,CH2,12.400000000000006,222.8889042995839,0.7327585687354723,11:49:07,0.46454784255142656,11:47:41,0.6923942622950819,0.4388811475409836,0.02566669501044294,0.04081632653061224
ERIKAR,2022-08-23,4,6,25,3,2,0.6064000000000007,0,0.15,NA,11:53:31,29.6,41,0,NA,M,12:03:57,12:04:00,NA,NA,NA,NA,12:03:58,2,12:04:46,12:04:46,19,15,NA,3,626,46,178.1,12:03:57,CH2,176,CH2,2.0999999999999943,222.38026706231454,0.7270253980101488,11:57:27,0.4571376757629064,12:00:18,0.6961475,0.4412333333333333,0.015904342429573115,0.04081632653061224
ERIKAR,2022-08-23,4,7,25,2.5,2.5,0.7064000000000021,0,0.06999999999999999,NA,12:06:09,30.2,39,0,NA,M,12:16:47,12:16:49,NA,NA,NA,NA,12:16:48,7,12:17:07,12:17:07,19,15,NA,2,638,18,174.2,12:16:47,CH2,171.2,CH2,3,223.2048706240487,0.7373130661885369,12:15:03,0.46569898544626587,12:15:23,0.7022900326797386,0.44859150326797387,0.017107482178292,0.04081632653061224
ERIKAR,2022-08-23,4,8,25,7,2.4,1.416400000000003,2,0.12,NA,12:18:44,32,38,0,NA,M,12:28:56,12:29:03,NA,NA,NA,NA,12:28:58,7,12:29:32,12:29:32,19,15,NA,7,612,29,174.5,12:28:57,CH2,174,CH2,0.5,222.1904173106646,0.7308992200466381,12:27:40,0.4703948108011186,12:28:11,0.7008037542662116,0.4502755972696246,0.02011921353149404,0.04081632653061224
ERIKAR,2022-08-23,4,9,25,2.5,1.8,0.9364000000000026,1,0.13999999999999999,NA,12:31:04,34,36,0,NA,M,12:41:32,12:41:42,NA,NA,NA,NA,12:41:33,8,12:42:10,12:42:10,19,15,NA,10,628,28,172.1,12:41:32,CH2,175.2,CH2,-3.0999999999999943,221.17157894736843,0.7296127419753259,12:34:30,0.4694916944799491,12:35:06,0.6981004983388704,0.44852740863787377,0.020964285842075325,0.04081632653061224
ERIKAR,2022-08-23,5,1,25,3,1,0.7664000000000009,0,0.13,NA,13:23:16,30.4,41,0,NA,M,13:33:40,13:33:44,NA,NA,NA,NA,13:33:43,4,13:35:05,13:35:05,19,15,NA,4,624,81,175.1,13:33:42,CH2,169.1,CH2,6,215.95508474576272,0.715999831325762,13:31:23,0.46196288925837325,13:34:10,0.6874122073578596,0.4383754180602007,0.02358747119817256,0.04081632653061224
ERIKAR,2022-08-23,5,2,25,2.1,0.9,0.6564000000000014,0,0.16,NA,13:36:30,29.4,42,0,NA,M,13:46:53,13:46:57,NA,NA,NA,NA,13:46:54,5,13:48:27,13:48:27,19,15,NA,4,623,90,177.2,13:46:57,CH2,171.9,CH2,5.299999999999983,219.25279329608938,0.7282183113594851,13:38:22,0.4664741410126677,13:45:14,0.691248743718593,0.4433869346733668,0.023087206339300892,0.04081632653061224
ERIKAR,2022-08-23,5,3,25,3,1.5,0.666400000000003,0,0.15,NA,13:49:44,29.1,41,0,NA,M,14:00:16,14:00:21,NA,NA,NA,NA,14:00:17,10,14:00:18,14:00:18,19,15,NA,5,632,-3,179.8,14:00:21,CH2,176.3,CH2,3.5,222.9823064770932,0.7503954167753362,13:57:13,0.47379584068637864,13:58:59,0.7040305280528053,0.45252640264026406,0.021269438046114586,0.04081632653061224
ERIKAR,2022-08-23,5,4,25,2,1.3,0.8164000000000016,1,0.25,NA,14:02:25,29.8,40,0,NA,M,14:12:52,14:12:55,NA,NA,NA,NA,14:12:53,4,14:17:08,14:17:08,19,15,NA,3,627,253,174,14:12:52,CH2,174.8,CH2,-0.8000000000000114,222.61530612244897,0.7212147585232213,14:06:26,0.4690627702417887,14:08:44,0.6959683860232945,0.45377787021630617,0.01528490002548255,0.04081632653061224
ERIKAR,2022-08-23,5,5,25,1,0.7,0.7664000000000009,0,0.12,NA,14:18:20,29.7,40,0,NA,M,14:28:47,14:28:49,NA,NA,NA,NA,14:28:49,4,14:29:46,14:29:46,19,15,NA,2,627,57,170.1,14:28:47,CH1,170.6,CH2,-0.5,223.57562043795622,0.7142544912005243,14:28:22,0.46719411466542515,14:20:10,0.6752171381031614,0.4503560732113145,0.016838041454110664,0.04081632653061224
ERIKAR,2022-08-23,5,7,21.5,2,1.5,0.46640000000000015,0,0.13999999999999999,NA,14:42:37,30.5,37,0,NA,M,14:52:58,14:53:00,NA,NA,NA,NA,14:52:59,2,14:53:24,14:53:24,19,15,NA,2,621,24,174.2,14:53:00,CH2,175.3,CH2,-1.1000000000000227,222.30108359133126,0.7222726896517362,14:48:11,0.4657888738788378,14:46:34,0.6824378151260504,0.4518731092436975,0.01391576463514027,0.04081632653061224
ERIKAR,2022-08-23,6,1,25,3,2,0.7064000000000021,0,0.12,NA,14:54:29,30.4,36,0,NA,M,15:04:58,15:05:06,NA,NA,NA,NA,15:05:01,4,15:05:54,15:05:54,19,15,NA,8,629,48,171.7,15:05:01,CH2,167.8,CH2,3.8999999999999773,225.2111111111111,0.7149151371653293,15:02:25,0.4762146086554303,15:01:14,0.6779394693200663,0.4531243781094527,0.023090230545977586,0.04081632653061224
ERIKAR,2022-08-23,6,2,25,2.6,2.4,0.676400000000001,0,0.1,NA,15:07:34,30.7,37,0,NA,M,15:17:51,15:17:55,NA,NA,NA,NA,15:17:53,5,15:20:06,15:20:06,19,15,NA,4,617,131,173.8,15:17:55,CH2,170.3,CH2,3.5,221.2790945406125,0.725800209079326,15:11:52,0.4651352834991456,15:10:48,0.6904763113367174,0.4507402707275804,0.014395012771565241,0.04081632653061224
ERIKAR,2022-08-23,6,4,25,2.7,2.4,0.5564,0,0.13,NA,15:34:14,30.6,37,0,NA,M,15:44:27,15:44:30,NA,NA,NA,NA,15:44:29,7,15:46:15,15:46:15,19,15,NA,3,613,105,173.4,15:44:27,CH2,165,CH2,8.400000000000006,218.56930555555556,0.6925387061622976,15:41:23,0.46039617261383714,15:45:36,0.6660494037478706,0.43498040885860306,0.025415763755234078,0.04081632653061224
ERIKAR,2022-08-23,6,5,25,2.6,1.3,0.5664000000000016,0,0.11000000000000001,NA,15:47:21,30.5,37,0,NA,M,15:57:34,15:57:40,NA,NA,NA,NA,15:57:36,5,15:59:40,15:59:40,19,15,NA,6,613,120,178.3,15:57:39,CH2,172,CH2,6.300000000000011,223.24281842818428,0.7224428678768975,15:57:42,0.46874466957217875,15:53:30,0.6886201022146508,0.448396933560477,0.020347736011701756,0.04081632653061224
ERIKAR,2022-09-02,7,5,25,17,2.5,0.7864000000000004,2,0.1,L-shaped,11:39:30,35.5,34,0,NA,M,11:47:55,11:47:57,NA,NA,NA,NA,11:47:55,7,11:49:51,11:49:51,19,15,NA,2,505,114,200.7,11:47:55,CH2,193.8,CH2,6.899999999999977,234.58145161290324,0.8043678342779351,11:45:40,0.49860080874729495,11:47:55,0.7646210855949895,0.467794363256785,0.03080644549050998,0.04081632653061224
ERIKAR,2022-09-02,7,6,25,8,2.3,0.3664000000000023,2,0.12,NA,11:39:32,35.5,34,1,11:41:53,M,11:47:55,11:47:58,NA,NA,NA,NA,11:47:56,9,11:49:48,11:49:48,19,15,NA,3,503,110,200.7,11:47:55,CH2,194.4,CH2,6.299999999999983,234.6439024390244,0.8038911140904185,11:45:39,0.49808221529785895,11:47:55,0.7646897274633123,0.46773689727463313,0.03034531802322582,0.04081632653061224
ERIKAR,2022-09-02,9,3,25,2.5,2.2,0.46640000000000015,0,0.15,NA,13:22:56,32.9,36,1,13:23:16,M,13:29:26,13:29:29,NA,NA,NA,NA,13:29:26,22,13:34:25,13:34:25,19,15,NA,3,390,296,191.3,13:29:26,CH2,189.7,CH2,1.6000000000000227,228.62776162790698,0.8050147924316169,13:33:40,0.48269473742530317,13:24:40,0.7559203296703296,0.4687541208791209,0.013940616546182283,0.04081632653061224
ERIKAR,2022-09-02,9,4,25,4.5,2.1,0.666400000000003,0,0.25,NA,13:35:38,32.9,36,0,NA,M,13:39:41,13:39:45,NA,NA,NA,NA,13:39:38,12,13:44:19,13:44:19,19,15,NA,4,243,274,190.6,13:39:45,CH2,187.6,CH2,3,228.035,0.8001093590760091,13:41:59,0.4871512590195729,13:43:43,0.7556797235023042,0.4658041474654378,0.0213471115541351,0.04081632653061224
ERIKAR,2022-09-02,9,6,25,3,1.4,0.7264000000000017,1,0.16,NA,13:54:35,32.7,36,0,NA,M,14:01:22,14:01:24,NA,NA,NA,NA,14:01:11,15,14:06:34,14:06:34,19,15,NA,2,407,310,191.9,14:01:24,CH2,191.8,CH2,0.09999999999999432,228.13008356545961,0.7925246969513988,13:56:39,0.4927358484918397,14:05:04,0.7578674540682415,0.46831627296587924,0.02441957552596047,0.04081632653061224
ERIKAR,2022-09-02,10,1,25,22.5,12.5,1.0064000000000028,4,0.1,NA,14:08:07,32,37,0,NA,M,14:13:15,14:13:17,NA,NA,NA,NA,14:13:16,19,14:20:10,14:20:10,19,15,NA,2,308,413,190,14:13:16,CH2,188,CH2,2,228.60138504155125,0.798314605283971,14:11:16,0.4812415522298569,14:19:12,0.7570443262411347,0.464145390070922,0.01709616215893489,0.04081632653061224
ERIKAR,2022-09-02,10,2,25,17.3,3.6,1.0064000000000028,5,0.135,NA,14:21:23,32.1,37,0,NA,M,14:30:07,14:30:11,NA,NA,NA,NA,14:30:08,18,14:32:52,14:32:52,19,15,NA,4,524,161,186.2,14:30:10,CH2,185,CH2,1.1999999999999886,228.7434593023256,0.7922684709785115,14:26:14,0.48625339976295956,14:25:41,0.7559136546184739,0.4661847389558233,0.020068660807136263,0.04081632653061224
ERIKAR,2022-09-02,10,3,25,13.8,2.6,0.8464000000000027,1,0.15,NA,14:33:47,31.7,37,0,NA,M,14:42:21,14:42:23,NA,NA,NA,NA,14:42:21,13,14:46:39,14:46:39,19,15,NA,2,514,256,190,14:42:23,CH2,190,CH2,0,228.80972762645914,0.8030382221937846,14:40:12,0.4872648641939911,14:38:58,0.7548954918032786,0.4662827868852459,0.02098207730874524,0.04081632653061224
ERIKAR,2022-09-02,10,5,25,9.5,6,0.9564000000000021,2,0.13999999999999999,NA,14:54:25,31.5,37,0,NA,M,15:00:37,15:00:46,15:00:35,15:00:36,NA,NA,15:00:39,17,15:02:28,15:02:28,19,15,NA,9,372,102,196.4,15:00:46,CH2,184.9,CH2,11.5,230.01327800829876,0.8097863794563023,15:01:28,0.4971580584968261,15:01:51,0.7645086705202312,0.4617976878612717,0.03536037063555442,0.04081632653061224
ERIKAR,2022-08-23,4,2,25,16.9,4.2,1.046400000000002,2,0.12,NA,11:02:27,25.4,56,0,NA,M,11:12:33,11:12:37,NA,NA,NA,NA,11:12:37,9,11:13:53,11:13:53,19,15,NA,4,606,76,175.2,11:12:37,CH2,171.8,CH2,3.3999999999999773,218.7221897810219,0.7235785874259373,11:11:07,0.4346936519335909,11:04:10,0.6757318965517242,0.41880172413793104,0.015891927795659844,0.04081632653061224
ERIKAR,2022-08-23,4,3,25,2.4,2.2,0.5764000000000031,0,0.12,NA,11:15:30,26.6,52,0,NA,M,11:26:02,11:26:06,NA,NA,NA,NA,11:26:02,4,11:26:16,11:26:16,19,15,NA,4,632,10,175.4,11:26:02,CH2,172.8,CH2,2.5999999999999943,219.20573643410853,0.7193132491808094,11:24:46,0.4483174571402214,11:24:41,0.6843308580858086,0.42512293729372935,0.023194519846492068,0.04081632653061224
ERIKAR,2022-08-23,4,4,25,5,2.1,0.6964000000000006,1,0.16,NA,11:20:13,27.4,47,0,NA,M,11:30:30,11:30:36,NA,NA,NA,NA,11:30:32,10,11:30:51,11:30:51,19,15,sample loaded before video start; tough to tell for how long,6,617,15,175.7,11:30:35,CH2,173.9,CH2,1.799999999999983,215.4103610675039,0.7358527083786383,11:20:13,0.44838464752694907,11:24:40,0.6608849407783418,0.42082148900169203,0.027563158525257037,0.04081632653061224
ERIKAR,2022-08-02,2,1,25,13.8,3,0.6864000000000026,4,0.22999999999999998,NA,14:48:21,32.9,39,0,NA,0,NA,NA,NA,NA,NA,NA,NA,NA,15:02:53,15:02:53,19,16,NA,NA,NA,NA,NA,NA,NA,178.8,CH2,NA,216.38105625717566,0.7072770527474279,15:02:08,0.439117770492986,15:01:16,NA,NA,NA,0.04081632653061224
ERIKAR,2022-08-02,2,2,25,2.8,1.7,0.32640000000000313,0,0.27999999999999997,NA,15:04:09,33.9,36,0,NA,0,NA,NA,NA,NA,NA,NA,NA,NA,15:21:06,15:21:06,19,16,NA,NA,NA,NA,NA,NA,NA,179.8,CH2,NA,218.09409448818897,0.7050836405122636,15:07:50,0.448196987604669,15:20:27,NA,NA,NA,0.04081632653061224
ERIKAR,2022-09-02,7,3,25,24,5.3,0.8963999999999999,2,0.155,Y-shaped,11:03:29,35,38,1,11:06:04,0,NA,NA,NA,NA,NA,NA,NA,NA,11:11:51,11:11:51,19,15,NA,NA,NA,NA,NA,NA,NA,192.6,CH2,NA,236.49021956087824,0.8324287745256914,11:10:17,0.49171831292023455,11:06:01,NA,NA,NA,0.04081632653061224
ERIKAR,2022-09-02,7,4,25,4.1,2.5,0.296400000000002,1,0.16,NA,11:13:51,35.6,36,1,11:14:28,0,NA,NA,NA,NA,NA,NA,NA,NA,11:17:58,11:17:58,19,15,NA,NA,NA,NA,NA,NA,NA,195.9,CH2,NA,237.43008130081301,0.8486472775989418,11:16:49,0.48822899275501863,11:14:22,NA,NA,NA,0.04081632653061224
ERIKAR,2022-09-02,8,1,25,9.4,2.2,0.6364000000000019,1,0.13,NA,11:50:45,35.5,34,1,11:53:13,0,NA,NA,NA,NA,NA,NA,NA,NA,11:59:15,11:59:15,19,15,NA,NA,NA,NA,NA,NA,NA,195.4,CH2,NA,236.05442043222004,0.8309773574054361,11:58:27,0.48209592370449783,11:53:43,NA,NA,NA,0.04081632653061224
ERIKAR,2022-09-02,8,2,25,10.5,2.4,1.0164000000000009,2,0.16999999999999998,NA,12:00:20,36.2,33,1,12:12:03,0,NA,NA,NA,NA,NA,NA,NA,NA,12:16:56,12:16:56,19,15,"tried manual ignition, but the plant never ignited and instead just glowed",NA,NA,NA,NA,NA,NA,196.9,CH2,NA,233.05668341708542,0.8043506721892819,12:02:53,0.5054303916572656,12:13:46,NA,NA,NA,0.04081632653061224
ERIKAR,2022-09-02,8,3,25,5.4,4,0.7464000000000013,1,0.06999999999999999,NA,12:18:10,36.4,33,1,12:23:10,0,NA,NA,NA,NA,NA,NA,NA,NA,12:28:58,12:28:58,19,15,NA,NA,NA,NA,NA,NA,NA,197.5,CH2,NA,234.11901081916537,0.8087349743433835,12:26:46,0.49391658502007396,12:23:43,NA,NA,NA,0.04081632653061224
ERIKAR,2022-09-02,8,4,25,3.2,2,1.0864000000000011,0,0.125,NA,12:31:15,36.1,33,1,12:32:23,0,NA,NA,NA,NA,NA,NA,NA,NA,12:36:31,12:36:31,19,15,NA,NA,NA,NA,NA,NA,NA,192.9,CH2,NA,232.6311111111111,0.8242882068559206,12:32:50,0.4960055316226417,12:35:21,NA,NA,NA,0.04081632653061224
ERIKAR,2022-09-02,8,5,24,3.3,1.7,0.6264000000000003,0,0.185,NA,12:38:17,35.7,33,1,12:39:36,0,NA,NA,NA,NA,NA,NA,NA,NA,12:44:20,12:44:20,19,15,NA,NA,NA,NA,NA,NA,NA,189.3,CH2,NA,231.9,0.8065200503311903,12:39:19,0.49005638531799756,12:42:36,NA,NA,NA,0.04081632653061224
ERIKAR,2022-08-02,3,2,25,2.4,2.1,0.6064000000000007,0,0.22999999999999998,NA,16:43:20,30.7,38,0,NA,M,16:53:41,16:54:44,NA,NA,NA,NA,16:53:41,8,16:56:40,16:56:40,19,16,NA,63,621,116,184.4,16:54:23,CH2,189.4,CH2,-5,221.36958698372968,0.7491529018852966,16:56:10,0.45357383508225,16:49:20,0.6770117647058823,0.43213949579831934,0.02143433928393068,0.04081632653061224
ERIKAR,2022-09-02,9,5,25,2,1.8,0.5164000000000009,0,0.13999999999999999,NA,13:45:12,32.5,36,1,13:46:45,0,NA,NA,NA,NA,NA,NA,NA,NA,13:53:25,13:53:25,19,15,NA,NA,NA,NA,NA,NA,NA,194.2,CH2,NA,230.6839430894309,0.8025927958971822,13:49:34,0.4838059044742882,13:50:10,NA,NA,NA,0.04081632653061224
ERIKAR,2022-09-02,10,4,25,4,1,0.796400000000002,0,0.12,NA,14:48:40,31.7,37,1,14:49:31,0,NA,NA,NA,NA,NA,NA,NA,NA,14:52:05,14:52:05,19,15,NA,NA,NA,NA,NA,NA,NA,193.7,CH2,NA,229.15343137254902,0.80228895163175,14:49:22,0.48615432424551425,14:51:58,NA,NA,NA,0.04081632653061224
ERIKAR,2022-09-02,9,1,25,2.1,1.6,0.676400000000001,0,0.11499999999999999,NA,13:01:17,35,33,1,13:02:03,0,NA,NA,NA,NA,NA,NA,NA,NA,13:08:00,13:08:00,19,15,NA,NA,NA,NA,NA,NA,NA,188.7,CH2,NA,228.75422885572138,0.8075605334228847,13:02:39,0.4817969128686288,13:04:55,NA,NA,NA,0.04081632653061224
HETARB,2022-08-31,8,1,25,21.5,11.1,18.3964,2,0.16,NA,11:41:15,27.2,53,1,11:57:40,M,12:04:07,12:04:48,NA,NA,NA,NA,12:04:19,53,12:09:40,12:09:40,18,15,NA,41,1372,292,345.6,12:04:08,CH2,199,CH2,146.60000000000002,222.37171361502348,0.8618227858812458,12:03:33,0.6425203011815395,12:03:29,0.708834323922734,0.4190876671619614,0.22343263401957808,0
HETARB,2022-08-31,10,1,25.5,13.3,11.5,13.666400000000003,0,0.1,"branch height was 115, but this didn't make any sense, so changed to 11.5",12:11:16,30.1,41,1,12:16:34,M,12:27:44,12:28:09,12:27:33,12:27:38,NA,NA,12:27:48,21,12:36:06,12:36:06,18,15,NA,25,988,477,195.7,12:27:50,CH2,192,CH2,3.6999999999999886,225.80322364002686,0.7910937348068511,12:27:16,0.5127851561391733,12:27:02,0.7312146569646569,0.42382744282744284,0.08895771331173047,0
HETARB,2022-08-31,12,1,18.4,8.1,9,5.416400000000003,0,0.24,NA,12:57:16,30.7,40,0,NA,M,13:11:08,13:11:39,NA,NA,NA,NA,13:11:15,17,13:16:41,13:16:41,18,15,NA,31,832,302,196.1,13:11:19,CH2,183.1,CH2,13,227.3069587628866,0.826394953599337,13:10:42,0.5250193201813312,13:10:21,0.7415787841191067,0.44171277915632756,0.08330654102500368,0
HETARB,2022-08-31,12,2,15.8,12,7.7,7.956400000000002,0,NA,MISSING MPA,13:18:29,31.6,33,1,13:23:55,M,13:29:45,13:29:59,13:29:41,13:29:42,NA,NA,13:29:46,28,13:34:28,13:34:28,18,15,NA,14,676,269,199,13:29:45,CH2,186.3,CH2,12.699999999999989,228.6991304347826,0.7878130639641062,13:33:03,0.5040555078408318,13:28:59,0.7482284615384616,0.45607846153846154,0.04797704630237021,0
HETARB,2022-08-31,11,1,25,17.6,15,20.3164,0,0.135,NA,12:37:28,30.7,38,1,12:40:20,M,12:49:08,12:49:49,NA,NA,NA,NA,12:49:11,42,12:55:36,12:55:36,18,15,NA,41,700,347,214.1,12:49:08,CH2,179.6,CH2,34.5,225.42042318307267,0.8625072032849093,12:48:32,0.6056271484956344,12:48:19,0.7147611275964392,0.434830118694362,0.17079702980127237,0
HETARB,2022-07-19,6,1,25,23.5,19,27.3964,0,0.19,sickle shaped (communist flag),13:46:08,31.4,41,0,NA,M,14:01:56,14:02:29,14:01:30,14:01:48,NA,NA,14:02:01,49,NA,14:02:34,18,15,taken out of chamber while still glowing,33,948,NA,84.8,14:01:56,CH1,76.3,CH1,8.5,211.2233502538071,0.6344052500267594,14:01:21,0.3513333000959996,14:01:26,0.549076464208243,0.19689967462039046,0.15443362547560915,0
HETARB,2022-07-20,7,1,15.9,16.1,9.4,11.4464,2,0.27,NA,10:43:16,26.6,51,0,NA,M,10:58:45,10:59:00,NA,NA,NA,NA,10:58:35,60,11:00:38,11:00:38,19,14,cannot tell time of glow end,15,929,98,175.4,10:58:49,CH1,159.4,CH1,16,232.52824207492796,0.8507350238537985,10:58:01,0.5453569371834717,10:57:53,0.7662774086378737,0.43557862679955706,0.10977831038391461,0
IRIDOU,2022-08-10,1,1,25,2.2,0.5,4.016400000000001,0,0.06999999999999999,NA,12:57:04,35.4,34,0,NA,M,12:58:43,12:58:54,NA,NA,NA,NA,12:58:50,13,13:03:43,13:03:43,19,15,early manual ignition,11,99,289,182.4,12:58:47,CH2,176.8,CH2,5.599999999999994,236.7597989949749,0.9016399274326432,12:58:31,0.5302783486939369,12:57:55,0.8427808219178082,0.5033287671232877,0.026949581570649195,0
IRIDOU,2022-08-10,2,1,25,0.8,0.5,1.4964000000000013,0,0.13999999999999999,NA,13:31:26,31,37,0,NA,M,13:33:04,13:33:10,13:33:02,13:33:03,NA,NA,13:33:08,6,13:37:46,13:37:46,19,15,early manual ignition,6,98,276,176.7,13:33:08,CH2,171.2,CH2,5.5,239.97915567282323,0.9197562832842991,13:34:10,0.551522382668418,13:36:51,0.8202291666666667,0.49798611111111113,0.05353627155730689,0
IRIDOU,2022-08-10,1,2,25,1.7,0.5,2.576400000000003,0,0.03,NA,13:05:48,35.5,34,0,NA,M,13:07:26,13:07:42,NA,NA,NA,NA,13:07:28,18,13:12:10,13:12:10,19,15,early manual ignition,16,98,268,177,13:07:31,CH2,172.2,CH2,4.800000000000011,239.09133858267717,0.8998131100310984,13:06:59,0.5353800859856163,13:06:40,0.8443958333333333,0.5047291666666667,0.030650919318949588,0
IRIDOU,2022-08-10,1,3,22.9,1,1,2.6264000000000003,0,0.03,NA,13:15:29,36.3,32,0,NA,M,13:17:07,13:17:27,NA,NA,NA,NA,13:17:09,18,13:19:47,13:19:47,19,15,early manual ignition,20,98,140,175.2,13:17:20,CH2,171.8,CH2,3.3999999999999773,237.06225680933852,0.9031743269735564,13:18:19,0.5984747939747705,13:19:26,0.8455555555555556,0.4947986111111111,0.10367618286365943,0
IRIDOU,2022-08-10,1,5,25,1.1,0.5,2.9664,0,0.03,NA,13:25:47,36,32,0,NA,M,13:27:51,13:27:55,NA,NA,NA,NA,13:27:52,27,13:29:12,13:29:12,19,15,"only have glow video, max flame height is an estimate; early manual ignition",4,124,77,178.5,13:27:53,CH2,175.7,CH2,2.8000000000000114,237.43382352941177,0.9368223547097552,13:28:05,0.5557190783385868,13:26:24,0.8329387755102041,0.5043673469387755,0.05135173139981131,0
IRIDOU,2022-08-30,7,1,25,1.5,0.4,2.1964000000000006,0,0.11000000000000001,NA,12:34:30,32.8,32,0,NA,M,12:36:53,12:37:11,NA,NA,NA,NA,12:36:57,17,12:37:50,12:37:50,19,15,NA,18,143,39,185.1,12:36:55,CH1,178.1,CH1,7,237.31306532663316,0.90719852965565,12:36:04,0.5105656711600025,12:34:37,0.8530427350427351,0.4833290598290598,0.027236611330942684,0
IRIDOU,2022-08-30,7,3,25,1.9,0.2,2.3564000000000007,0,0.02,NA,12:44:05,33.1,31,0,NA,M,12:46:45,12:47:04,NA,NA,NA,NA,12:46:49,19,12:47:34,12:47:34,19,15,NA,19,160,30,180,12:46:45,CH1,174.7,CH2,5.300000000000011,234.4971153846154,0.9014531510707029,12:44:15,0.506759395121027,12:46:02,0.8402126865671642,0.47692910447761194,0.029830290643415025,0
IRIDOU,2022-08-30,7,4,25,2,0.7,2.206400000000002,0,0.06,NA,12:50:13,33.5,30,0,NA,M,12:52:46,12:52:56,NA,NA,NA,NA,12:52:48,14,12:53:14,12:53:14,19,15,NA,10,153,18,NA,NA,NA,168,CH2,NA,231.16979865771813,0.8875292098166037,12:52:15,0.5259999999999999,12:51:34,0.7582834645669291,0.45684251968503936,0.06915748031496055,0
IRIDOU,2022-11-15,8,1,22,1,1.5,1.0764000000000031,0,0.15,NA,15:23:39,22,31,0,NA,M,15:29:17,15:29:20,15:29:14,15:29:15,NA,NA,15:29:15,11,15:31:10,15:31:10,19,16,NA,3,338,110,181.3,15:29:18,CH2,188.5,CH2,-7.199999999999989,225.47022222222222,0.8137907232321918,15:30:34,0.4599440723990607,15:27:32,0.7470320512820513,0.4375304487179487,0.022413623681111994,0
IRIDOU,2022-11-15,8,2,16.5,3.5,5,0.676400000000001,0,0.03,NA,15:34:29,22,29,0,NA,M,15:39:30,15:39:34,NA,NA,NA,NA,15:39:30,21,15:40:05,15:40:05,19,16,NA,4,301,31,170.3,15:39:34,CH2,174.2,CH2,-3.8999999999999773,222.61611940298508,0.8010967688078213,15:35:35,0.45947035844650047,15:36:09,0.7377527272727272,0.4342890909090909,0.02518126753740957,0
IRIDOU,2022-11-15,8,3,20,1.3,0.7,0.8664000000000023,0,0.2,NA,15:43:43,22,30,0,NA,M,15:48:02,15:48:08,NA,NA,NA,NA,15:48:03,15,15:49:31,15:49:31,19,16,NA,6,259,83,175.8,15:48:05,CH2,173.9,CH2,1.9000000000000057,222.2463976945245,0.7895809900407587,15:48:15,0.459579581564221,15:45:11,0.7482575107296138,0.43747210300429185,0.022107478559929172,0
IRIDOU,2022-11-15,9,1,24,1.5,1.5,2.7464000000000013,0,0.02,plant 9 has a decent amount of scale pest,15:51:34,21.9,29,0,NA,M,15:55:50,15:56:01,NA,NA,NA,NA,15:55:51,29,15:56:50,15:56:50,19,16,NA,11,256,49,173.3,15:55:50,CH2,168.3,CH2,5,223.51460317460317,0.8363983004059783,15:51:34,0.46052270376795756,15:52:36,0.7490934782608696,0.43976086956521737,0.020761834202740193,0
IRIDOU,2022-11-15,9,2,21.6,2,1,2.956400000000002,0,0.05,NA,15:59:07,21.9,29,0,NA,M,16:03:27,16:03:53,NA,NA,NA,NA,16:03:39,17,16:04:28,16:04:28,19,16,NA,26,260,35,NA,NA,NA,172.3,CH2,NA,223.975,0.8680000000000001,15:59:27,0.46249999999999997,15:59:39,0.7523918918918919,0.43477027027027026,0.027729729729729702,0
IRIDOU,2022-08-30,5,2,17.5,1,0.4,1.0264000000000024,0,0.02,NA,11:51:45,30.7,37,0,NA,M,11:54:23,11:54:31,NA,NA,NA,NA,11:54:24,15,11:56:58,11:56:58,19,15,NA,8,158,147,181.1,11:54:23,CH1,175.4,CH1,5.699999999999989,236.64775641025642,0.8991046331348582,11:55:40,0.5123807532923718,11:55:03,0.8350340909090909,0.4907537878787879,0.021626965413583887,0
IRIDOU,2022-08-30,6,1,21,1.7,0.3,1.0864000000000011,0,0.01,NA,11:58:32,30.7,38,0,NA,M,12:01:07,12:01:11,NA,NA,NA,NA,12:01:10,12,12:03:24,12:03:24,19,15,NA,4,155,133,180,12:01:07,CH1,171.1,CH1,8.900000000000006,235.93917525773196,0.9317672677826945,12:02:24,0.5129658491972704,12:01:31,0.833015503875969,0.48577906976744184,0.027186779429828556,0
IRIDOU,2022-08-30,6,2,15.6,0.5,0.3,0.5564,0,0.1,NA,12:06:35,30,37,0,NA,M,12:09:01,12:09:06,NA,NA,NA,NA,12:09:01,16,12:09:50,12:09:50,19,15,NA,5,146,44,176.2,12:09:01,CH1,167.8,CH2,8.399999999999977,230.16237113402062,0.8609841750904073,12:07:20,0.5598819753253821,12:09:24,0.8058041666666667,0.4784083333333333,0.08147364199204876,0
IRIDOU,2022-08-10,2,2,25,0.9,0.1,2.016400000000001,0,0.04,NA,13:39:10,36.1,32,0,NA,M,13:41:09,13:41:11,13:40:59,13:41:00,2023-06-19 00:02:00,2023-06-19 00:02:02,13:41:09,8,13:43:40,13:43:40,19,15,early manual ignition; only have glow video,2,119,149,181.2,13:41:09,CH2,178.6,CH2,2.5999999999999943,233.6260223048327,0.9240349441936357,13:40:48,0.5600925092945258,13:39:10,0.818274193548387,0.5052096774193549,0.054882831875170957,0
IRIDOU,2022-08-17,3,1,25,1.5,0.5,2.1064000000000007,0,0.04,NA,13:08:57,34,35,1,13:12:17,M,13:12:33,13:12:56,NA,NA,NA,NA,13:12:41,9,13:14:12,13:14:12,19,15,glow started before 3:54 but it was the first time it was visible due to lighting,23,216,76,183.7,13:12:56,CH2,180.1,CH2,3.5999999999999943,238.93694267515923,0.886440938670534,13:10:31,0.5316351235793466,13:10:53,0.8242078947368421,0.48402105263157896,0.04761407094776765,0
IRIDOU,2022-08-17,3,2,25,1.8,0.5,6.016400000000001,0,0.01,NA,13:16:22,34,34,0,NA,M,13:20:30,13:20:39,NA,NA,NA,NA,13:20:33,13,13:22:12,13:22:12,19,15,NA,9,248,93,191.9,13:20:37,CH2,184.4,CH2,7.5,239.34928366762176,0.8858107732584795,13:20:34,0.5358277547466641,13:21:57,0.8241936936936937,0.47739414414414416,0.05843361060251995,0
IRIDOU,2022-08-17,3,3,25,1.5,0.5,1.9964000000000013,0,0.02,NA,13:32:01,34.3,33,0,NA,M,13:34:14,13:34:23,NA,NA,NA,NA,13:34:17,12,13:34:48,13:34:48,19,15,NA,9,133,25,186.8,13:34:17,CH2,180.3,CH2,6.5,238.55301204819278,0.9319997936041333,13:32:29,0.5284629727365426,13:32:12,0.8355,0.49389719626168227,0.034565776474860366,0
IRIDOU,2022-08-17,3,4,19,3,1.8,1.7164000000000001,0,0.01,NA,13:24:14,34.3,33,0,NA,M,13:28:43,13:28:49,NA,NA,NA,NA,13:28:45,20,13:30:27,13:30:27,19,15,NA,6,269,98,186.2,13:28:48,CH2,180.9,CH2,5.299999999999983,238.3502688172043,0.9048538402030488,13:26:57,0.5316936375988942,13:28:01,0.8376358024691358,0.499,0.03269363759889421,0
IRIDOU,2022-08-17,3,5,25,1.4,0.6,1.6164000000000023,0,0.08,NA,13:36:02,34.3,32,0,NA,M,13:42:02,13:42:05,NA,NA,NA,NA,13:42:03,4,13:42:26,13:42:26,19,15,NA,3,360,21,185.4,13:42:02,CH2,181.3,CH2,4.099999999999994,241.00966057441252,0.8734670006541126,13:40:38,0.5312492900377652,13:39:13,0.8257320359281437,0.5025568862275449,0.028692403810220313,0
IRIDOU,2022-08-17,3,6,19,2.7,1,1.3364000000000011,0,0.045,NA,13:44:05,34,32,0,NA,M,13:49:40,13:49:43,13:49:32,13:49:35,NA,NA,13:49:40,22,13:49:55,13:49:55,19,15,NA,3,335,12,186.6,13:49:41,CH2,179.3,CH2,7.299999999999983,240.14928366762177,0.8956410673553682,13:44:05,0.5305584090472514,13:48:10,0.8342815533980582,0.4985323624595469,0.03202604658770447,0
IRIDOU,2022-08-17,3,7,16,1.8,0.8,1.1964000000000006,0,0.01,NA,13:51:06,34.1,31,0,NA,M,13:56:55,13:57:02,NA,NA,NA,NA,13:56:58,5,13:57:20,13:57:20,19,15,NA,7,349,18,181.6,13:56:59,CH2,183.7,CH2,-2.0999999999999943,238.2656836461126,0.8740228257336566,13:53:09,0.5270974344575747,13:54:03,0.8200123839009288,0.49535913312693497,0.03173830133063976,0
IRIDOU,2022-08-30,4,2,17.5,1.3,0.5,0.8164000000000016,0,0.04,NA,11:36:24,30,40,0,NA,M,11:38:29,11:38:39,NA,NA,NA,NA,11:38:36,12,11:41:07,11:41:07,19,15,NA,10,125,148,175.1,11:38:29,CH1,169.3,CH2,5.799999999999983,230.1432624113475,0.8574721262319014,11:39:39,0.4761903280341773,11:39:08,0.7759141414141414,0.445989898989899,0.030200429044278332,0
IRIDOU,2022-08-30,5,1,22,1.1,0.6,1.3064,0,0.2,"first sample pressure bomb maxed at 42, no water. repeated WP. ",11:42:42,30,40,0,NA,M,11:45:15,11:45:22,NA,NA,NA,NA,11:45:15,19,11:50:30,11:50:30,19,15,NA,7,153,308,180.6,11:45:20,CH2,174.4,CH2,6.199999999999989,238.06702355460385,0.8775911693885943,11:49:54,0.4992688898683565,11:49:59,0.8201889763779527,0.4710905511811024,0.028178338687254112,0
IRIDOU,2022-08-30,6,4,13.5,1.2,0.5,0.46640000000000015,0,0.02,NA,12:22:24,31.8,34,0,NA,M,12:24:51,12:24:53,NA,NA,NA,NA,12:24:51,16,12:27:43,12:27:43,19,15,NA,2,147,170,181.9,12:24:52,CH1,174,CH1,7.900000000000006,237.15251572327045,0.9007653452160469,12:26:40,0.5041275727875283,12:25:55,0.8351157024793389,0.4722190082644628,0.03190856452306551,0
IRIDOU,2022-08-30,6,5,14,0.7,0.3,0.5164000000000009,0,0.03,NA,12:29:03,31.9,34,0,NA,M,12:31:19,12:31:20,NA,NA,NA,NA,12:31:19,7,12:33:03,12:33:03,19,15,NA,1,136,103,183.4,12:31:19,CH1,174.9,CH1,8.5,240.06234309623431,0.9078577804235414,12:32:18,0.5176393319156871,12:32:03,0.8365318181818182,0.4865909090909091,0.031048422824778044,0
IRIDOU,2022-08-30,6,3,12.3,0.7,0.4,0.666400000000003,0,0.02,NA,12:13:08,30.7,37,0,NA,M,12:15:42,12:15:45,NA,NA,NA,NA,12:15:43,17,12:21:18,12:21:18,19,15,NA,3,154,333,177.6,12:15:43,CH1,166.9,CH1,10.699999999999989,236.1274028629857,0.8894707365748893,12:15:51,0.5015808241325717,12:19:55,0.814,0.45974609375,0.04183473038257168,0
MALLAU,2022-07-13,1,3,25,19,14,14.336400000000001,5,0.09,NA,13:17:35,30,40,0,NA,M,13:24:51,13:25:11,NA,NA,NA,NA,13:24:58,18,13:26:38,13:26:38,18,15,"straight on video was cut short, unable to tell, best guess",20,436,87,166.1,13:25:10,CH1,141.2,CH1,24.900000000000006,232.42287822878228,0.8449631640035519,13:24:23,0.5235697099043661,13:24:15,0.7522463414634146,0.4549231707317073,0.06864653917265884,0.05
MALLAU,2022-07-13,1,1,25,23,13,11.956400000000002,1,0.18,NA,11:35:46,31,35,0,NA,M,11:46:27,11:46:40,11:46:12,11:46:19,NA,NA,11:46:32,14,11:49:31,11:49:31,18,15,"missing straight on angle, only have above view, unable to tell best guess",13,641,171,157.2,11:46:40,CH1,139.4,CH1,17.799999999999983,235.60885922330098,0.7902980692709807,11:35:46,0.4670319188739095,11:45:56,0.7296447154471545,0.43095609756097564,0.03607582131293385,0.05
MALLAU,2022-07-13,1,2,25,24,12,12.976400000000002,1,0.08,NA,12:56:54,29.6,42,0,NA,M,13:07:39,13:07:50,NA,NA,NA,NA,13:07:47,18,13:09:40,13:09:40,18,15,"short burn, only burned part of branch",11,645,110,143.3,13:07:50,CH1,110.6,CH1,32.70000000000002,217.58130718954249,0.749185890182109,13:09:04,0.4527209467152711,13:07:03,0.6792116316639741,0.40022132471728594,0.052499621997985135,0.05
MALLAU,2022-07-13,3,1,25,17,8,6.1264,0,0.13999999999999999,NA,14:30:20,30.1,36,0,NA,M,14:36:52,14:37:07,NA,NA,NA,NA,14:36:58,28,14:46:48,14:46:48,18,15,NA,15,392,581,177,14:37:07,CH1,155,CH2,22,239.438905775076,0.8361185498867716,14:36:30,0.5535916485024026,14:36:17,0.7878811475409836,0.5098387978142077,0.0437528506881949,0.05
MALLAU,2022-07-13,3,2,25,13,10,13.506400000000003,10,0.09,NA,14:54:21,30.4,37,0,NA,M,15:00:10,15:00:42,NA,NA,NA,NA,15:00:17,43,15:05:10,15:05:10,18,15,NA,32,349,268,177.5,15:00:10,CH1,161,CH2,16.5,240.76018518518518,0.9232680925538369,14:59:39,0.587793819861233,14:59:31,0.8093374613003096,0.5093962848297213,0.0783975350315117,0.05
MALLAU,2022-07-13,3,3,25,12,10,9.6064,7,0.12,NA,15:15:10,31.5,32,0,NA,M,15:21:42,15:21:54,NA,NA,NA,NA,15:21:47,33,15:23:30,15:23:30,18,15,NA,12,392,96,174,15:21:54,CH1,155,CH2,19,232.7875751503006,0.775501165660694,15:21:11,0.537283817219581,15:21:09,0.7108620218579235,0.49885382513661203,0.03842999208296893,0.05
MALLAU,2022-07-13,4,1,25,24,16,22.126400000000004,3,0.21000000000000002,NA,15:29:40,31.5,32,0,NA,M,15:36:12,15:37:05,NA,NA,NA,NA,15:36:26,34,15:38:26,15:38:26,18,15,NA,53,392,81,173.2,15:36:14,CH1,148.4,CH2,24.799999999999983,233.30380952380952,1.0175446415747198,15:35:42,0.6751367082842585,15:35:38,0.7296434426229508,0.490577868852459,0.18455883943179952,0.05
MALLAU,2022-07-13,5,1,25,16,10,17.526400000000002,8,0.2,NA,15:45:09,30.7,34,0,NA,M,15:51:31,15:51:55,NA,NA,NA,NA,15:51:37,32,15:58:46,15:58:46,18,15,NA,24,382,411,170.2,15:51:47,CH1,152.1,CH2,18.099999999999994,236.2186274509804,0.8428101509578582,15:51:02,0.5758527313966391,15:50:54,0.7272275280898877,0.49689044943820226,0.0789622819584368,0.05
MALLAU,2022-08-09,6,1,25,21.3,21.2,10.176400000000001,3,0.25,NA,11:20:42,32,50,0,NA,1,11:22:43,11:23:03,11:32:11,NA,2023-06-19 11:32:18,2023-06-19 11:32:38,11:32:11,17,11:40:06,11:40:06,19,15,"first ignition by touching pilot flame; second and third ignitions by manual; for second ignition, was still flaming when ignited a third time manually",20,121,1023,175.5,11:22:59,CH2,153.2,CH2,22.30000000000001,220.07841788478075,0.6995250986964646,11:30:23,0.45509368100274206,11:32:14,0.6424578947368421,0.4104,0.04469368100274207,0.05
MALLAU,2022-08-09,6,2,23.5,19.5,15,7.266400000000001,5,0.19,NA,11:42:22,32,41,1,11:52:59,M,11:54:19,11:54:32,NA,NA,NA,NA,11:54:20,18,12:04:29,12:04:29,19,15,NA,13,717,597,174,11:54:32,CH1,164,CH2,10,223.3894419306184,0.718871038442224,11:46:09,0.47535566068113083,11:54:08,0.6849898697539797,0.42281403762662806,0.05254162305450277,0.05
MALLAU,2022-08-09,7,1,25,21.7,18.2,18.0364,0,0.2,NA,12:05:58,31.8,39,0,NA,M,12:16:58,12:17:03,NA,NA,NA,NA,12:17:00,27,12:20:39,12:20:39,19,15,NA,5,660,216,178.8,12:17:03,CH2,169.2,CH1,9.600000000000023,219.90693181818182,0.7193090296204844,12:12:52,0.46236548246136244,12:19:55,0.6893564668769716,0.4367302839116719,0.02563519854969054,0.05
MALLAU,2022-08-09,7,2,25,18,16.9,9.006400000000003,0,0.08,NA,12:22:58,32.6,36,0,NA,M,12:32:45,12:33:10,12:23:51,12:23:56,NA,NA,12:33:07,26,12:34:26,12:34:26,19,15,first ignition by touching pilot flame; second manual,25,587,76,178.8,12:33:03,CH2,163.1,CH2,15.700000000000017,220.50480349344977,0.7404690446046138,12:32:18,0.48717760341139665,12:34:26,0.6924153297682709,0.45766221033868093,0.029515393072715723,0.05
MALLAU,2022-08-09,7,3,25,19.8,13,18.556400000000004,2,0.06999999999999999,NA,12:48:49,33.2,34,0,NA,M,12:55:15,12:57:04,NA,NA,NA,NA,12:56:25,37,13:00:41,13:00:41,19,15,NA,109,386,217,174.8,12:55:15,CH1,148.7,CH1,26.100000000000023,222.82433192686358,0.8218455823659321,12:55:37,0.5817300771328925,12:55:30,0.6887333333333333,0.46574027777777777,0.11598979935511472,0.05
MALLAU,2022-07-13,2,1,25,22,16,9.186400000000003,0,0.15,NA,13:29:08,30,38,0,NA,M,13:39:42,13:39:59,NA,NA,NA,NA,13:39:45,24,13:52:26,13:52:26,18,15,NA,17,634,747,171.4,13:39:54,CH1,150,CH1,21.400000000000006,239.50229062276307,0.8130871982078501,13:41:57,0.5286459738698039,13:46:22,0.7765411184210527,0.48989144736842105,0.03875452650138289,0.05
MALLAU,2022-07-13,2,2,25,15,7,12.406400000000001,0,0.1,NA,13:54:39,29.6,36,0,NA,M,14:02:45,14:03:05,NA,NA,NA,NA,14:02:51,10,14:04:08,14:04:08,18,15,NA,20,486,63,171.9,14:03:01,CH1,162.6,CH1,9.300000000000011,238.92288732394366,0.829897494835746,14:03:24,0.5399155697256455,13:56:08,0.7844728260869566,0.5113597826086956,0.028555787116949838,0.05
MALLAU,2022-07-13,2,3,25,21,18,18.886400000000002,2,0.1,NA,14:06:46,29.8,35,0,NA,M,14:13:22,14:13:43,NA,NA,NA,NA,14:13:29,32,14:17:18,14:17:18,18,15,NA,21,396,215,192.3,14:13:22,CH2,148.9,CH1,43.400000000000006,240.54437400950872,0.879121241621142,14:12:49,0.6560431100039164,14:12:45,0.7902,0.5107675675675676,0.14527554243634877,0.05
MALLAU,2022-08-09,9,1,25,30.3,18,22.9264,6,0.11000000000000001,NA,14:04:06,34.5,32,1,14:04:15,M,14:14:16,14:15:15,NA,NA,NA,NA,14:14:23,74,14:20:56,14:20:56,19,15,glow started by touching pilot flame,59,610,341,191,14:14:16,CH2,175.9,CH2,15.099999999999994,225.7834489593657,0.9199571603198934,14:13:36,0.6277445288293575,14:13:31,0.690166095890411,0.48515496575342465,0.14258956307593285,0.05
MALLAU,2022-08-09,10,1,25,22,21.8,16.416400000000003,0,0.11000000000000001,heavily infested with scale,14:27:19,34,31,1,14:34:15,M,14:39:08,14:39:41,NA,NA,NA,NA,14:39:14,32,14:51:43,14:51:43,19,15,NA,33,709,722,183.9,14:39:08,CH2,183.2,CH2,0.700000000000017,224.04046479835952,0.791939135005956,14:38:45,0.5716962099662175,14:38:35,0.6967840409956076,0.47981844802342605,0.09187776194279146,0.05
MALLAU,2022-08-09,8,1,25,23.5,15,13.796400000000002,2,0.22999999999999998,NA,13:03:24,34.3,33,0,NA,M,13:11:23,13:11:39,NA,NA,NA,NA,13:11:27,57.5,13:21:33,13:21:33,19,15,NA,16,479,594,194.9,13:11:23,CH2,158.4,CH2,36.5,222.4987132352941,0.7925568152841509,13:10:47,0.5400835431279453,13:10:38,0.7047593818984548,0.4369679911699779,0.10311555195796734,0.05
MALLAU,2022-08-09,8,2,25,14.4,13.2,5.316400000000002,0,0.09,NA,13:27:06,33.9,34,0,NA,M,13:37:24,13:37:44,NA,NA,NA,NA,13:37:26,27,13:39:23,13:39:23,19,15,NA,20,618,99,174.9,13:37:33,CH1,175,CH2,-0.09999999999999432,221.7,0.7592489817534547,13:36:45,0.5368778042484779,13:36:42,0.6975996621621622,0.46969003378378377,0.0671877704646941,0.05
ARCDEN,2022-08-10,1,1,17,6.8,5.9,5.296400000000002,4,0.16999999999999998,NA,10:34:59,28.7,44,1,10:36:25,M,10:43:55,10:44:23,NA,NA,NA,NA,10:43:57,24,10:45:05,10:45:05,19,15,NA,28,536,42,179.6,10:43:55,CH2,170.3,CH2,9.299999999999983,236.20578512396693,0.8471269591184287,10:36:33,0.4920288082833321,10:43:06,0.8098470588235294,0.46525196078431375,0.026776847499018375,0
ARCDEN,2022-08-10,1,4,12,12.7,7.1,5.326400000000003,4,0.11000000000000001,NA,11:07:37,31.9,38,1,11:10:44,M,11:13:22,11:13:30,NA,NA,NA,NA,11:13:26,27,11:14:43,11:14:43,19,15,NA,8,345,73,192.3,11:13:30,CH2,177.3,CH2,15,240.65623529411764,0.8724187401967356,11:13:49,0.5465907843661837,11:12:40,0.8248275862068966,0.48920532915360504,0.05738545521257865,0
ARCDEN,2022-08-10,1,5,15,16.5,5.1,5.296400000000002,6,0.09,NA,12:26:17,35,35,0,NA,M,12:31:43,12:31:48,NA,NA,NA,NA,12:31:47,16,12:33:37,12:33:37,19,15,NA,5,326,109,179.1,12:31:44,CH2,164,CH2,15.099999999999994,235.6384965831435,0.9031463975870864,12:32:21,0.5331678464487469,12:31:48,0.84757,0.49784,0.035327846448746925,0
ARCDEN,2022-08-10,1,2,15.5,13,6.8,5.8964,4,0.13,NA,10:46:34,30.3,41,0,NA,M,10:53:26,10:53:39,NA,NA,NA,NA,10:53:29,29,10:55:56,10:55:56,19,15,NA,13,412,137,188.9,10:53:26,CH2,192.7,CH2,-3.799999999999983,239.0192513368984,0.8797252893573905,10:53:44,0.5190824097775983,10:53:00,0.8066580310880829,0.46712305699481865,0.05195935278277969,0
ARCDEN,2022-08-10,1,3,12,9.1,7.5,3.3464000000000027,5,0.13999999999999999,NA,10:57:03,31.6,31,0,NA,M,11:04:50,11:05:02,NA,NA,NA,NA,11:04:50,11,11:06:33,11:06:33,19,15,NA,12,467,91,180.4,11:04:53,CH2,171.6,CH2,8.800000000000011,239.44569420035148,0.8803412175110685,11:05:37,0.5223279724854678,11:05:00,0.8323412698412699,0.4919739229024943,0.030354049582973497,0
ARCDEN,2022-08-10,5,1,15,6.1,4.2,2.0664000000000016,4,0.16999999999999998,NA,11:55:13,36,32,0,NA,M,12:00:38,12:00:44,NA,NA,NA,NA,12:00:41,24,12:01:49,12:01:49,19,15,NA,6,325,65,182.9,12:00:43,CH2,175.5,CH2,7.400000000000006,238.15113924050632,0.9123628746774088,11:59:25,0.5429225783892991,11:57:26,0.857428093645485,0.5192976588628763,0.023624919526422872,0
ARCDEN,2022-08-10,2,1,25,7.9,6.4,3.3564000000000007,2,0.15,NA,11:16:48,33.5,36,0,NA,M,11:22:22,11:22:41,NA,NA,NA,NA,11:22:26,30,11:24:34,11:24:34,19,15,"did NOT glow before ignition for data processing, note on board incorrect",19,334,113,187.9,11:22:41,CH2,169,CH2,18.900000000000006,241.8247311827957,0.8828078261420755,11:20:12,0.5398002899253994,11:21:36,0.847909090909091,0.5061883116883117,0.033611978237087725,0
ARCDEN,2022-08-10,3,1,16,6.9,3.4,2.6264000000000003,3,0.12,NA,11:25:57,34.8,34,0,NA,M,11:31:29,11:31:40,NA,NA,NA,NA,11:31:35,25,11:32:58,11:32:58,19,15,NA,11,332,78,191.1,11:31:35,CH2,177.6,CH2,13.5,242.7811904761905,0.8859562701629303,11:31:21,0.5373886632516232,11:31:02,0.8426535947712418,0.507031045751634,0.03035761749998911,0
ARCDEN,2022-08-10,4,1,14,6.2,5.9,2.8064,3,0.13,NA,11:34:27,34.8,33,1,11:35:06,0,NA,NA,NA,NA,NA,NA,NA,NA,11:42:06,11:42:06,19,15,NA,NA,NA,NA,NA,NA,NA,191.1,CH2,NA,243.54344978165938,0.9049145002844137,11:36:36,0.5457885283251909,11:40:41,NA,NA,NA,0
SALAPI,2022-07-26,7,2,13,9.3,6.5,2.8964,0,0.15,NA,14:36:09,31.7,35,0,NA,1,14:39:21,14:39:29,NA,NA,NA,NA,14:39:22,29,14:49:30,14:49:30,19,15,head was blocking fram at max flame height ,8,192,601,170.9,14:39:26,CH1,162,CH2,8.900000000000006,224.188625,0.7108208087438327,14:37:26,0.47930962005000766,14:48:52,0.6883855421686746,0.44749698795180726,0.0318126320982004,0.4444444444444444
SALAPI,2022-07-26,3,2,15.1,10.2,6.9,3.796400000000002,0,0.06,NA,12:53:03,30.6,37,0,NA,M,12:57:21,12:57:33,12:57:15,12:57:16,NA,NA,12:57:22,14,12:57:55,12:57:55,19,15,NA,12,258,22,171,12:57:21,CH2,166.1,CH2,4.900000000000006,220.1810996563574,0.7152982117019381,12:55:44,0.47237104352529785,12:57:08,0.673625,0.4402823275862069,0.03208871593909096,0.4444444444444444
SALAPI,2022-07-26,3,3,16,11,8.4,5.066400000000002,0,0.06999999999999999,NA,12:59:30,31.4,36,1,13:03:24,M,13:06:06,13:06:17,NA,NA,NA,NA,13:06:11,8,13:07:49,13:07:49,19,15,NA,11,396,92,174.5,13:06:06,CH2,164,CH2,10.5,222.35461847389558,0.7048642850257606,13:04:49,0.4599957970733235,13:05:41,0.6706716216216216,0.421277027027027,0.03871877004629648,0.4444444444444444
SALAPI,2022-07-26,4,1,25,14,13,15.676400000000001,2,0.16,NA,13:09:43,32.3,35,0,NA,1,13:12:47,13:12:54,NA,NA,NA,NA,13:12:49,53,13:13:55,13:13:55,19,15,NA,7,184,61,184.8,13:12:54,CH2,164,CH2,20.80000000000001,221.93227091633466,0.9092083306263832,13:11:57,0.859123899516042,13:11:56,0.681123417721519,0.41794620253164555,0.4411776969843964,0.4444444444444444
SALAPI,2022-07-26,4,2,25,15.6,10.4,10.8564,1,0.13,NA,13:16:15,31.9,36,0,NA,1,13:17:44,13:17:54,NA,NA,NA,NA,13:17:45,42,13:19:32,13:19:32,19,15,NA,10,89,98,196.5,13:17:54,CH2,181.7,CH2,14.800000000000011,220.76734693877552,0.7965106457330123,13:16:59,0.6816599713140932,13:16:55,0.7009126984126984,0.45061111111111113,0.23104886020298204,0.4444444444444444
SALAPI,2022-07-26,5,1,25,8.4,5.3,5.246400000000001,0,0.13999999999999999,NA,13:21:31,31.8,37,0,NA,M,13:33:52,13:33:59,NA,NA,NA,NA,13:33:54,31,13:37:10,13:37:10,19,15,NA,7,741,191,172.7,13:33:52,CH2,186,CH2,-13.300000000000011,224.1908315565032,0.6958579588966658,13:33:31,0.46161279956858936,13:36:27,0.6773552447552448,0.4137272727272727,0.04788552684131664,0.4444444444444444
SALAPI,2022-07-26,5,3,25,8,6.6,4.836400000000001,0,0.09,NA,13:56:08,30.8,37,0,NA,1,13:58:02,13:58:06,NA,NA,NA,NA,13:58:03,27,14:08:02,14:08:02,19,15,NA,4,114,596,173.4,13:58:02,CH2,169.4,CH2,4,223.465778401122,0.7077624364884797,13:57:05,0.46802452438472225,14:02:22,0.6866590909090909,0.43745454545454543,0.030569978930176822,0.4444444444444444
SALAPI,2022-07-26,6,1,25,9.2,7.3,6.366400000000002,0,0.18,NA,14:09:55,31.5,37,0,NA,1,14:11:39,14:11:43,NA,NA,NA,NA,14:11:40,31,14:14:29,14:14:29,19,15,NA,4,104,166,168.3,14:11:41,CH1,167,CH2,1.3000000000000114,223.45860805860806,0.7475502364987962,14:10:48,0.4794962034386656,14:13:27,0.6928076923076923,0.43735897435897436,0.04213722907969125,0.4444444444444444
SALAPI,2022-07-26,6,2,18,9.1,6.4,2.4364000000000026,1,0.18,NA,14:16:06,31.3,37,0,NA,M,14:17:39,14:17:49,NA,NA,NA,NA,14:17:46,18,14:18:41,14:18:41,19,15,NA,10,93,52,170,14:17:49,CH2,167,CH2,3,216.87792207792208,0.7438142980147071,14:16:56,0.48550000000000015,14:17:49,0.6815373134328359,0.44447014925373135,0.0410298507462688,0.4444444444444444
SALAPI,2022-07-26,7,1,15,9,7.9,3.916400000000003,0,0.18,NA,14:21:07,31.3,36,0,NA,1,14:23:24,14:23:28,NA,NA,NA,NA,14:23:25,46,14:34:00,14:34:00,19,15,NA,4,137,632,175.7,14:23:24,CH2,168,CH2,7.699999999999989,224.975,0.7186209153336913,14:22:40,0.4993491312411932,14:22:34,0.686572072072072,0.45373873873873877,0.04561039250245441,0.4444444444444444
SALAPI,2022-07-26,1,1,25,8,7,8.256400000000003,1,0.22000000000000003,NA,11:25:57,21.8,66,1,11:27:27,M,11:32:21,11:32:43,NA,NA,NA,NA,11:32:26,31,11:34:42,11:34:42,19,15,NA,22,384,119,165.9,11:32:40,CH1,155.9,CH1,10,213.27480916030535,0.6981521641693227,11:31:43,0.4146072055581719,11:31:38,0.6216508379888268,0.3482081005586592,0.06639910499951268,0.4444444444444444
SALAPI,2022-07-26,8,1,25,11.3,10.4,26.806400000000004,0,0.08,NA,14:51:36,31.9,34,0,NA,M,14:53:42,14:54:04,14:53:20,14:53:27,NA,NA,14:53:49,54,15:04:55,15:04:55,19,15,NA,22,126,651,177,14:53:42,CH2,160.7,CH2,16.30000000000001,224.98771929824562,0.9045989113307374,14:53:03,0.6968890381046113,14:52:57,0.73014,0.472295,0.22459403810461132,0.4444444444444444
SALAPI,2022-07-27,8,2,NA,NA,NA,NA,NA,NA,MISSING PLANT TRAIT DATA,11:46:53,28.3,43,1,11:49:04,M,11:50:06,11:50:19,11:49:57,11:50:00,NA,NA,11:50:16,25,11:59:07,11:59:07,19,15,NA,13,193,528,167.1,11:50:17,CH1,163.3,CH1,3.799999999999983,228.01241473397,0.8453500283848558,11:50:04,0.48860723701032804,11:49:52,0.771317365269461,0.4479491017964072,0.040658135213920865,0.4444444444444444
SALAPI,2022-08-17,9,1,25,15.3,11.2,12.746400000000001,0,0.13999999999999999,NA,12:21:26,28.8,39,0,NA,1,12:24:18,12:24:27,NA,NA,NA,NA,12:24:20,40,12:30:41,12:30:41,19,15,duplicated P9R1,9,172,374,194.4,12:24:18,CH2,160.3,CH2,34.099999999999994,231.85,0.921712616824811,12:23:25,0.6702774066317696,12:23:23,0.8146986301369863,0.44365753424657534,0.22661987238519427,0.4444444444444444
SALAPI,2022-08-17,9,2,21,13.1,9.2,8.616400000000002,0,0.08,NA,12:47:00,30.5,37,1,12:48:24,M,12:58:01,12:58:10,NA,NA,NA,NA,12:58:03,11,12:59:53,12:59:53,19,15,NA,9,661,103,193.3,12:58:04,CH2,168.7,CH2,24.600000000000023,236.17836787564767,0.8591447829785426,12:54:29,0.5301734023764962,12:57:50,0.8148952755905512,0.47001889763779525,0.06015450473870099,0.4444444444444444
SALAPI,2022-08-24,9,4,25,12.1,8.2,8.736400000000003,0,0.04,"labelled as SALAPI P9R1, but another SALAPI P9R1",10:57:18,27.4,44,1,11:02:41,M,11:03:03,11:03:24,NA,NA,NA,NA,11:03:10,29,11:08:46,11:08:46,19,16,duplicated P9R1,21,345,322,195.1,11:03:03,CH2,175.3,CH2,19.799999999999983,214.9315866084425,0.7222580986824501,10:59:14,0.45172272743429154,11:07:20,0.6383730407523511,0.3999200626959248,0.051802664738366755,0.4444444444444444
SALAPI,2022-08-24,9,5,25,12.3,7.5,8.636400000000002,0,0.065,"labelled as SALAPI P9R2, but another P9R2 (above)",10:58:00,28.3,44,1,10:59:59,M,11:01:08,11:01:20,11:00:59,11:01:01,NA,NA,11:01:17,27,11:10:09,11:10:09,19,16,duplicated P9R2,12,188,529,192.6,11:01:20,CH2,183.7,CH2,8.900000000000006,216.9418956043956,0.7231528326555878,11:09:45,0.45162737975551775,11:07:19,0.6018580246913581,0.3845771604938272,0.06705021926169058,0.4444444444444444
SALAPI,2022-08-17,10,1,25,13.9,8.5,15.526400000000002,0,0.1,NA,13:01:29,31.9,36,0,NA,1,13:03:00,13:03:13,NA,NA,NA,NA,13:03:04,38,13:06:19,13:06:19,19,15,NA,13,91,186,176.2,13:03:13,CH2,173,CH2,3.1999999999999886,238.39723183391004,0.9077890190006247,13:02:10,0.5105280387772749,13:02:05,0.8575461538461538,0.4770153846153846,0.03351265416189031,0.4444444444444444
SALAPI,2022-08-24,10,2,23.5,17.5,12.5,12.566400000000002,4,0.11000000000000001,NA,11:15:08,26.6,44,0,NA,1,11:21:53,11:22:20,11:17:56,11:18:02,NA,NA,11:21:59,38,11:23:01,11:23:01,19,16,"listed as SALAPI P10R1 on the video, but there is already a SALAPI P10R1, so changed this one to R2",27,405,41,175.8,11:22:02,CH2,177.2,CH2,-1.3999999999999773,216.1497881355932,0.7424866482937518,11:16:59,0.4665013170825694,11:21:15,0.6853944591029024,0.43155672823219,0.03494458885037943,0.4444444444444444
SALAPI,2022-11-15,12,1,20,9,7,6.0564,0,0.09,NA,14:48:04,22,26,1,14:49:42,1,14:49:59,14:50:07,NA,NA,NA,NA,14:50:02,28,14:50:49,14:50:49,19,16,NA,8,115,42,162.8,14:49:59,CH1,161.1,CH1,1.700000000000017,223.73841463414635,0.830681687065018,14:48:48,0.48456366255423033,14:48:46,0.7582808988764045,0.4392921348314607,0.045271527722769656,0.4444444444444444
SALAPI,2022-11-15,12,2,23,20.5,9,18.1064,8,0.06999999999999999,large branches,14:56:16,22.3,27,1,14:57:32,M,15:04:44,15:05:00,NA,NA,NA,NA,15:04:53,37,15:07:03,15:07:03,19,16,NA,16,508,123,168.3,15:04:54,CH2,166.6,CH2,1.700000000000017,225.49876160990712,0.8145638253203836,15:03:42,0.5120555163611655,15:03:37,0.7528817427385892,0.4311473029045643,0.08090821345660121,0.4444444444444444
SALAPI,2022-07-26,2,1,25,12.7,7.4,9.156400000000001,0,0.12,NA,11:53:19,24.6,49,1,11:54:52,M,12:17:43,12:18:21,NA,NA,NA,NA,12:17:51,13,12:19:16,12:19:16,19,15,"only had stem burn, leaves popped off when it was picked up to ignite",38,1464,55,166.9,12:18:17,CH2,170.5,CH2,-3.5999999999999943,221.77512853470438,0.7083946754588116,12:18:21,0.4320872698732576,12:17:39,0.6610020862308762,0.38635813630041727,0.04572913357284031,0.4444444444444444
SALAPI,2022-07-26,2,2,25,14,8,9.996400000000001,0,0.06999999999999999,NA,12:27:27,27,44,0,NA,1,12:33:15,12:33:29,NA,NA,NA,NA,12:33:18,36,12:34:32,12:34:32,19,15,NA,14,348,63,193.4,12:33:15,CH2,163.2,CH2,30.200000000000017,223.86438679245282,0.7971912274581873,12:32:31,0.6552275566581796,12:32:27,0.6779984472049689,0.40477018633540374,0.2504573703227758,0.4444444444444444
SALAPI,2022-07-26,3,1,19.6,18.7,12.6,4.756400000000003,0,0.1,NA,12:36:39,28.2,40,0,NA,M,12:49:05,12:49:19,NA,NA,NA,NA,12:49:07,11,12:50:24,12:50:24,19,15,NA,14,746,65,180,12:49:05,CH2,175.7,CH2,4.300000000000011,225.58009708737865,0.7069944101283325,12:42:01,0.47191252182587307,12:48:35,0.6764194444444445,0.40762777777777776,0.06428474404809531,0.4444444444444444
SALAPI,2022-07-26,1,2,25,9,8.3,6.186400000000003,0,0.06999999999999999,**probe fell off duritng ignition,11:36:55,22.9,57,1,11:41:36,1,11:46:53,11:46:59,NA,NA,NA,NA,11:46:56,25,11:50:40,11:50:40,19,15,really good example of how bunsen burner ignites smoke and travels down to the plant and ignites it,6,598,221,175,11:46:53,CH1,157,CH2,18,219.37172330097087,0.6825178070352932,11:46:09,0.4274283308573681,11:46:07,0.644451048951049,0.35454895104895107,0.07287937980841702,0.4444444444444444
SALAPI,2022-11-15,11,2,22,7,6,3.8564000000000007,0,0.08,NA,14:00:53,23.7,27,1,14:02:16,0,NA,NA,NA,NA,NA,NA,NA,NA,14:13:11,14:13:11,19,16,NA,NA,NA,NA,NA,NA,NA,160.3,CH2,NA,223.14572591587518,0.7749595792027246,14:11:49,0.44258700347965896,14:06:49,NA,NA,NA,0.4444444444444444
SALAPI,2022-11-15,11,1,25,16,11,12.926400000000001,0,0.09,NA,13:37:36,30.7,24,1,13:39:01,0,NA,NA,NA,NA,NA,NA,NA,NA,13:43:01,13:43:01,19,16,NA,NA,NA,NA,NA,NA,NA,177.8,CH2,NA,221.07006172839507,0.7983071372332595,13:38:42,0.4408283260727491,13:43:01,NA,NA,NA,0.4444444444444444
SALLEU,2022-07-27,1,2,25,14,4.3,3.2364000000000033,4,0.19,NA,10:41:36,26.5,47,1,10:43:16,1,10:49:55,10:50:23,NA,NA,NA,NA,10:49:57,19,10:50:47,10:50:47,19,16,NA,28,499,24,165.9,10:50:03,CH1,143.3,CH1,22.599999999999994,231.48836363636363,0.8421861144101764,10:49:29,0.5018120493785019,10:49:07,0.7777515856236786,0.43192389006342496,0.06988815931507691,0.375
SALLEU,2022-07-27,1,3,25,9,9.6,3.9064000000000014,8,0.15,NA,10:53:24,27.7,43,0,NA,M,11:12:30,11:12:50,NA,NA,NA,NA,11:12:32,25,11:14:31,11:14:31,19,16,NA,20,1146,101,154.6,11:12:30,CH1,138.4,CH1,16.19999999999999,230.0556082148499,0.7883175780012794,11:12:13,0.4545974071512031,11:11:49,0.7554589285714286,0.4096513392857143,0.044946067865488826,0.375
SALLEU,2022-07-27,1,1,25,4.3,2.7,1.9064000000000014,2,0.18,NA,10:27:31,24.6,54,0,NA,M,10:36:31,10:36:36,NA,NA,NA,NA,10:36:32,24,10:39:19,10:39:19,19,16,NA,5,540,163,161,10:36:35,CH1,144.1,CH1,16.900000000000006,227.96973125884017,0.8028865110016312,10:27:31,0.43277137798221615,10:34:10,0.7476536964980545,0.4074601167315175,0.025311261250698658,0.375
SALLEU,2022-08-16,4,5,25,6,5.3,2.506400000000003,2,0.13,NA,13:20:00,29.7,39,0,NA,M,13:21:20,13:21:24,NA,NA,NA,NA,13:21:23,11,13:31:11,13:31:11,19,15,sample ignited by barely touching pilot flame (not intentional manual); small flame throughout,4,80,587,181.2,13:21:23,CH2,175.8,CH2,5.399999999999977,234.2244776119403,0.8566654814293599,13:21:29,0.47965292475456733,13:30:19,0.8082870370370371,0.4524074074074074,0.02724551734715991,0.375
SALLEU,2022-08-16,4,6,25,15,5.4,4.846400000000003,6,0.12,NA,13:32:42,30.8,36,0,NA,1,13:37:15,13:37:50,NA,NA,NA,NA,13:37:17,30,13:45:35,13:45:35,19,15,NA,35,273,465,185.8,13:37:50,CH2,181.2,CH2,4.600000000000023,235.0979274611399,0.9151682300945114,13:36:33,0.5058758950230544,13:36:35,0.8295506072874493,0.4624919028340081,0.043383992189046316,0.375
SALLEU,2022-08-16,4,7,25,11.5,7.8,5.446400000000001,7,0.13,NA,13:52:53,30.6,37,1,13:55:43,1,13:57:38,13:57:51,NA,NA,NA,NA,13:57:41,35,13:58:49,13:58:49,19,15,NA,13,285,58,230.2,13:57:38,CH2,191.3,CH2,38.89999999999998,235.36535211267605,0.9346480619784027,13:56:46,0.5627526513605564,13:56:42,0.8263803088803089,0.435969111969112,0.12678353939144443,0.375
SALLEU,2022-08-16,5,1,25,6.4,4,2.7364000000000033,5,0.09,NA,14:03:49,30.6,37,1,14:04:13,1,14:12:42,14:12:57,NA,NA,NA,NA,14:12:51,21,14:18:08,14:18:08,19,15,NA,15,533,311,183.7,14:12:42,CH2,179,CH2,4.699999999999989,235.32785547785548,0.8680813373017656,14:11:53,0.49340792775266484,14:11:54,0.8260493096646943,0.46189940828402365,0.031508519468641194,0.375
SALLEU,2022-08-16,5,2,25,16.5,4.3,5.266400000000001,4,0.12,Y-shaped,14:40:28,32.5,33,1,14:41:26,1,14:46:31,14:46:53,NA,NA,NA,NA,14:46:32,16.5,14:47:54,14:47:54,19,15,NA,22,363,61,197.5,14:46:53,CH2,169.3,CH2,28.19999999999999,231.52224719101125,0.8335112268299799,14:47:07,0.46119969418125495,14:45:33,0.7898219584569733,0.4324658753709199,0.028733818810335043,0.375
SALLEU,2022-08-16,5,3,25,8.1,5,3.2864000000000004,6,0.1,NA,14:53:25,32.6,34,1,14:54:17,1,14:56:49,14:57:01,14:57:21,14:57:24,NA,NA,14:56:55,20,14:58:53,14:58:53,19,15,NA,12,204,112,186.3,14:56:54,CH2,171.2,CH2,15.100000000000023,233.21070336391438,0.8766516884697875,14:58:53,0.4830178183502408,14:56:23,0.8075168539325843,0.44626685393258425,0.03675096441765657,0.375
SALLEU,2022-08-16,6,1,25,11.1,7.9,4.4664,5,0.12,Y-shaped,15:02:05,32.7,34,0,NA,1,15:03:25,15:03:31,NA,NA,NA,NA,15:03:27,21,15:11:24,15:11:24,19,15,NA,6,80,473,186.2,15:03:25,CH2,175.8,CH2,10.399999999999977,237.12652329749105,0.8611858162293254,15:02:34,0.4865981035339206,15:05:02,0.8312037037037037,0.4444351851851852,0.04216291834873537,0.375
SALLEU,2022-08-16,6,2,24,12.5,7,4.816400000000002,2,0.13999999999999999,NA,15:12:51,33,33,1,15:13:38,1,15:14:40,15:14:54,NA,NA,NA,NA,15:14:41,28,15:22:34,15:22:34,19,15,NA,14,109,460,181.1,15:14:40,CH2,181.3,CH2,-0.20000000000001705,238.09862542955327,0.8512188668304919,15:22:07,0.5155074433299651,15:13:46,0.8251265060240964,0.46437951807228917,0.051127925257675955,0.375
SALLEU,2022-08-16,6,3,25,18.5,10.2,6.996400000000001,3,0.11499999999999999,V-shaped,15:27:12,33.8,32,1,15:27:46,M,15:42:27,15:43:15,NA,NA,NA,NA,15:42:23,27,15:46:06,15:46:06,19,15,NA,48,915,171,197.9,15:42:27,CH2,201.8,CH2,-3.9000000000000057,239.65975286849073,0.8940034519453421,15:41:59,0.5122155407955076,15:41:37,0.824089988751406,0.47139538807649045,0.04082015271901712,0.375
SALLEU,2022-08-17,7,2,25,5.2,4.3,1.1364000000000019,0,0.12,NA,10:42:16,26.1,45,1,10:43:52,1,10:44:36,10:44:45,NA,NA,NA,NA,10:44:38,25,10:45:52,10:45:52,19,15,"video was not started before sample placement - do not know how much time elapsed before start, does not seem like much time though",9,140,67,180,10:44:43,CH2,175.7,CH2,4.300000000000011,229.7306976744186,0.8581418365938066,10:45:03,0.4750434169270542,10:42:49,0.8007456140350877,0.4550219298245614,0.020021487102492797,0.375
SALLEU,2022-08-17,7,3,25,4.7,3.1,2.576400000000003,4,0.15,NA,10:47:57,26.4,43,1,10:48:33,M,10:56:00,10:56:13,NA,NA,NA,NA,10:56:01,22,10:57:43,10:57:43,19,15,NA,13,483,90,182.9,10:56:08,CH2,175.8,CH2,7.099999999999994,233.77162393162394,0.8370484719571564,10:50:59,0.4825413100683348,10:51:42,0.8001849015317287,0.4577910284463895,0.024750281621945258,0.375
SALLEU,2022-08-17,7,4,25,10.9,10.4,3.9864000000000033,5,0.12,NA,10:59:57,26.7,42,1,11:01:23,M,11:07:14,11:07:33,NA,NA,NA,NA,11:07:22,11,11:09:27,11:09:27,19,15,NA,19,437,114,182.6,11:07:32,CH2,177,CH2,5.599999999999994,234.2163444639719,0.8323760816882693,11:06:32,0.4885624620616297,11:05:05,0.7981107055961071,0.4645194647201947,0.024042997341435002,0.375
SALLEU,2022-08-17,7,6,25,7.4,3.3,2.5664000000000016,3,0.27,NA,11:21:32,27.6,39,1,11:23:29,1,11:23:53,11:24:03,NA,NA,NA,NA,11:23:54,37,11:39:40,11:39:40,19,15,NA,10,141,937,182.4,11:23:54,CH2,177.9,CH2,4.5,235.5822447102116,0.8406510543473545,11:24:48,0.4901891040452078,11:38:48,0.7976173913043478,0.4666130434782609,0.023576060566946944,0.375
SALLEU,2022-08-17,7,7,25,12.1,7,9.4664,7,0.13999999999999999,NA,11:41:51,28.3,39,1,11:43:49,M,11:49:11,11:50:25,NA,NA,NA,NA,11:49:12,34,11:55:19,11:55:19,19,15,NA,74,440,294,180.4,11:49:11,CH2,173.5,CH2,6.900000000000006,234.54213135068153,0.8969802667101702,11:48:36,0.5402971178048632,11:48:20,0.8142403381642512,0.47739130434782606,0.06290581345703716,0.375
SALLEU,2022-11-01,11,1,25,11,5.6,3.5564,3,0.11000000000000001,NA,13:39:17,26.1,55,0,NA,M,13:43:18,13:43:33,NA,NA,NA,NA,13:43:18,8,13:47:24,13:47:24,19,17,sample lit by touching pilot flame (barely; not intentional manual ignition),15,241,231,158.6,13:43:33,CH1,153.8,CH1,4.799999999999983,209.15761316872428,0.6697377730385816,13:46:26,0.3772129370667463,13:45:58,0.5646604651162791,0.34123488372093025,0.03597805334581605,0.375
SALLEU,2022-11-01,11,4,25,5,3.6,1.7264000000000017,1,0.1,NA,14:11:44,23.5,53,0,NA,M,14:16:43,14:16:47,NA,NA,NA,NA,14:16:44,16,NA,14:17:53,19,17,sample loaded shortly before video start (started at 14:11:46) still glowing when video ends; plant is still rather green (ADDED 2 SECONDS),4,299,NA,174.6,14:16:47,CH2,176.8,CH2,-2.200000000000017,211.67717391304348,0.7427440992859577,14:16:09,0.4196397419870348,14:17:53,0.6886593406593406,0.39404945054945056,0.025590291437584234,0.375
SALLEU,2022-11-01,11,5,25,9,3.5,2.756400000000003,1,0.09,V-shaped,14:19:27,23.3,52,0,NA,M,14:25:39,14:26:41,NA,NA,NA,NA,14:25:42,32,14:27:38,14:27:38,19,17,NA,62,372,57,195.2,14:25:53,CH2,181.7,CH2,13.5,216.11244897959185,0.7373718306253373,14:23:47,0.43326908309439854,14:24:46,0.6924508670520231,0.40652745664739887,0.026741626446999678,0.375
SALLEU,2022-11-01,12,1,25,14.5,12,9.1964,7,0.1,NA,14:29:42,23.7,51,0,NA,M,14:32:28,14:32:49,NA,NA,NA,NA,14:32:35,42,14:33:21,14:33:21,19,17,ignited by sample touching pilot flame (not intentional manual ignition),21,166,32,185.6,14:32:30,CH2,185.3,CH2,0.29999999999998295,218.3165137614679,0.8289411237839601,14:31:23,0.53986423168518,14:33:21,0.7001821428571429,0.4153392857142857,0.12452494597089436,0.375
SALLEU,2022-11-01,12,2,24,5.2,4.6,2.8764000000000003,4,0.08,NA,14:35:31,24.1,48,0,NA,M,14:41:21,14:41:35,NA,NA,NA,NA,14:41:25,24,14:43:57,14:43:57,19,17,loaded before video start (started at 14:35:33); plant is still rather green (ADDED 2 SECONDS),14,350,142,190.1,14:41:21,CH2,187.9,CH2,2.1999999999999886,217.89267326732673,0.7583497132574153,14:41:28,0.43554779885307604,14:37:59,0.7022777777777778,0.41165123456790126,0.02389656428517478,0.375
SALLEU,2022-11-01,12,3,25,9,5,3.076400000000003,5,0.1,NA,14:45:14,24.9,47,1,14:45:18,M,14:50:14,14:50:54,NA,NA,NA,NA,14:50:19,22,14:52:09,14:52:09,19,17,ignition by opening door; glow started by touching pilot flame,40,300,75,197.2,14:50:37,CH2,193.9,CH2,3.299999999999983,218.50990338164252,0.7532870307697617,14:49:20,0.43962523889947647,14:51:03,0.7078412408759124,0.4134197080291971,0.02620553087027938,0.375
SALLEU,2022-11-01,12,4,22,16,2.5,2.426400000000001,1,0.08,V-shaped,14:53:22,25.3,45,0,NA,M,14:58:51,14:59:39,NA,NA,NA,NA,14:58:52,23,15:01:03,15:01:03,19,17,sample loaded before video start (14:53:24); plant is still rather green (ADDED 2 SECONDS),48,329,84,202.2,14:59:16,CH2,197.7,CH2,4.5,215.69804347826087,0.7685712757341303,14:57:57,0.43882146170555136,14:57:09,0.7108811881188118,0.4208019801980198,0.018019481507531576,0.375
SALLEU,2022-07-27,1,4,25,9.6,3.3,2.7264000000000017,6,0.22000000000000003,NA,11:17:21,29.4,33,1,11:20:42,1,11:21:47,11:21:51,NA,NA,NA,NA,11:21:49,15.5,11:22:29,11:22:29,19,16,NA,4,266,38,163.1,11:21:47,CH1,142.9,CH6,20.19999999999999,222.51400651465798,0.8268210064226902,11:21:17,0.4617559616898282,11:20:56,0.77295625,0.4276583333333333,0.03409762835649488,0.375
SALLEU,2022-07-27,1,5,25,4.3,3.1,1.8064,0,0.21000000000000002,NA,11:25:10,30.1,31,0,NA,M,11:34:39,11:34:59,NA,NA,NA,NA,11:34:40,22,11:35:17,11:35:17,19,16,NA,20,569,18,157.3,11:34:59,CH1,148.4,CH1,8.900000000000006,227.28465346534654,0.809296751950254,11:29:17,0.462092916457408,11:34:33,0.7651279926335175,0.43282780847145486,0.029265107985953165,0.375
SALLEU,2022-07-27,1,6,25,9.5,3.3,4.096400000000003,4,0.16999999999999998,NA,11:40:50,32.4,32,0,NA,M,11:50:29,11:50:59,NA,NA,NA,NA,11:50:32,25,11:52:01,11:52:01,19,16,NA,30,579,62,166.8,11:50:29,CH1,149.5,CH1,17.30000000000001,230.97701492537314,0.8428299351690441,11:49:59,0.48898863240331825,11:49:52,0.7765858951175407,0.44971428571428573,0.03927434668903251,0.375
SALLEU,2022-07-27,1,7,25,4.5,3,2.136400000000002,5,0.18,NA,11:54:07,34.2,32,0,NA,M,12:04:13,12:04:23,NA,NA,NA,NA,12:04:14,21.5,12:08:37,12:08:37,19,16,NA,10,606,254,162.8,12:04:23,CH1,146.7,CH1,16.100000000000023,231.2475258918297,0.8093926719187712,12:05:44,0.4828484468870309,12:02:48,0.7676362068965518,0.45824741379310346,0.024601033093927416,0.375
SALLEU,2022-07-27,1,8,25,7.5,2,2.046400000000002,7,0.21000000000000002,NA,12:42:51,33.8,33,0,NA,1,12:49:28,12:49:44,NA,NA,NA,NA,12:49:29,13,13:06:10,13:06:10,19,16,cannot see glow end time at all,16,397,986,163.8,12:49:28,CH1,139,CH1,24.80000000000001,227.53290414878398,0.7910909150626804,13:00:10,0.4803623315811448,13:03:10,0.754578167115903,0.4514326145552561,0.0289297170258887,0.375
SALLEU,2022-07-27,1,9,25,20,7.5,9.5564,9,0.19,NA,13:07:54,33.2,34,1,13:08:48,1,13:15:53,13:16:36,13:09:18,13:09:23,2023-06-19 13:20:31,2023-06-19 13:21:14,13:15:54,15,13:22:54,13:22:54,19,16,glow start by touching pilot flame,43,479,378,168.1,13:15:53,CH1,136.4,CH1,31.69999999999999,225.34783092324804,0.8284484737954443,13:14:58,0.49280898325108013,13:20:06,0.7691887417218543,0.44599558498896247,0.04681339826211767,0.375
SALLEU,2022-07-27,1,10,25,8.5,5.75,2.8064,9,0.19,NA,13:24:57,33.8,33,0,NA,M,13:35:26,13:35:55,NA,NA,NA,NA,13:35:33,21,13:38:41,13:38:41,19,16,NA,29,629,166,163.5,13:35:53,CH1,148.4,CH1,15.099999999999994,229.35407047387605,0.8225068367701545,13:35:04,0.4960677827336855,13:38:02,0.7671053067993366,0.46193615257048093,0.034131630163204585,0.375
SALLEU,2022-07-27,1,11,25,12.5,5,4.046400000000002,9,0.16999999999999998,NA,13:40:17,34.3,32,1,13:43:45,M,13:51:00,13:51:19,NA,NA,NA,NA,13:51:01,24,13:52:50,13:52:50,19,16,NA,19,643,91,164.8,13:51:19,CH1,149.3,CH1,15.5,230.8965425531915,0.8193231230800083,13:51:02,0.4859483539898272,13:45:40,0.784047811993517,0.46130226904376015,0.02464608494606707,0.375
SALLEU,2022-07-27,2,2,25,6.2,3.6,1.7864000000000004,0,0.16,NA,14:13:28,33.5,33,1,14:15:54,M,14:22:59,14:23:04,NA,NA,NA,NA,14:23:03,7,14:29:31,14:29:31,19,16,only ignited stem; leaves fell off,5,571,387,162,14:23:04,CH1,146.2,CH1,15.800000000000011,228.23045738045738,0.8062149308396604,14:24:30,0.4746330246932816,14:17:33,0.7706926605504587,0.4496211009174312,0.02501192377585043,0.375
SALLEU,2022-07-27,2,3,25,11,6.9,4.6264,9,0.16999999999999998,NA,14:32:27,32.6,33,1,14:35:03,1,14:35:36,14:35:49,NA,NA,NA,NA,14:35:37,29,14:39:18,14:39:18,19,16,NA,13,189,209,159.3,14:35:41,CH1,139.1,CH1,20.200000000000017,227.23926829268294,0.8417370544694147,14:34:52,0.5164937331909369,14:34:47,0.7774325153374233,0.4439907975460123,0.07250293564492466,0.375
SALLEU,2022-07-27,2,4,25,13.1,4.7,3.636400000000002,1,0.16,NA,14:41:28,31.9,35,0,NA,1,14:43:10,14:43:15,NA,NA,NA,NA,14:43:11,21,14:44:13,14:44:13,19,16,NA,5,102,58,159.9,14:43:10,CH1,151.3,CH1,8.599999999999994,224.68780487804878,0.8365899808863713,14:43:30,0.4823672022948726,14:42:19,0.7721381578947368,0.4413157894736842,0.041051412821188404,0.375
SALLEU,2022-07-27,2,5,25,5.5,3.4,1.6463999999999999,0,0.18,NA,14:46:50,31.8,35,0,NA,M,14:56:35,14:56:54,NA,NA,NA,NA,14:56:36,27,14:57:36,14:57:36,19,16,NA,19,585,42,161.4,14:56:46,CH1,148.5,CH1,12.900000000000006,227.3462015503876,0.8179312743113497,14:53:35,0.46844162086522056,14:56:04,0.7743434704830053,0.4387298747763864,0.029711746088834146,0.375
SALLEU,2022-07-27,2,6,25,5.4,3.1,2.136400000000002,4,0.13,very few leaves on this sample,15:01:57,30.8,36,0,NA,M,15:11:47,15:12:10,NA,NA,NA,NA,15:11:52,14,15:12:42,15:12:42,19,16,NA,23,590,32,162.4,15:12:10,CH1,150,CH1,12.400000000000006,227.31257763975157,0.843276993869051,15:11:16,0.47510978356664946,15:09:34,0.7814751773049645,0.44157978723404256,0.03352999633260689,0.375
SALLEU,2022-07-27,2,7,25,4.4,3.9,1.5364000000000004,0,0.16,NA,15:12:55,30.7,36,1,15:23:49,M,15:31:31,15:31:37,NA,NA,NA,NA,15:31:34,4,15:29:42,15:29:42,19,16,"sample finished glow duration prior to manual ignition; manual ignition is for just small portion of stem that remained after majority of sample was consumed via glowing combustion, didn't really glow much after manual ignition as not much mass left to glow; CONSIDER AS 0 IGNITION?",6,1116,-115,161.8,15:31:37,CH1,162,CH1,-0.19999999999998863,210.10666003976144,0.809645701436141,15:27:49,0.4679001724657852,15:27:17,0.6809114678899083,0.4080545871559633,0.05984558530982187,0.375
SALLEU,2022-07-27,2,8,25,12.3,11.9,9.186400000000003,13,0.13999999999999999,NA,15:37:04,30.7,36,0,NA,1,15:44:52,15:45:09,NA,NA,NA,NA,15:44:59,32,15:47:49,15:47:49,19,16,glare on screen makes glow v. difficult to determine,17,468,160,167.9,15:44:57,CH1,144.1,CH1,23.80000000000001,227.79565217391306,0.9106175264202379,15:44:08,0.5150247470179717,15:44:07,0.795235294117647,0.445460407239819,0.06956433977815274,0.375
SALLEU,2022-07-27,3,1,25,10.3,7.9,4.566400000000002,8,0.13999999999999999,NA,15:50:12,30.4,36,0,NA,M,16:02:17,16:02:30,NA,NA,NA,NA,16:02:21,22,16:03:50,16:03:50,19,16,NA,13,725,80,161.5,16:02:25,CH1,148.4,CH1,13.099999999999994,227.24895960832313,0.8115685069589483,15:57:53,0.46554491750665594,15:56:19,0.7779213161659514,0.44322460658082974,0.022320310925826203,0.375
SALLEU,2022-07-27,3,2,25,10.9,10.2,6.886400000000002,11,0.16999999999999998,NA,16:06:17,29.7,38,1,16:09:06,1,16:12:22,16:13:22,NA,NA,NA,NA,16:12:25,30,16:14:54,16:14:54,19,16,flame was rather small for last 32 seconds of flame duration,60,365,92,168.3,16:13:22,CH1,141.3,CH1,27,230.17596899224807,0.8802895170066163,16:11:35,0.5556752797573599,16:11:38,0.7869941002949853,0.44219321533923306,0.1134820644181268,0.375
SALLEU,2022-07-27,3,3,25,7.5,3.3,3.386400000000002,4,0.2,NA,16:21:41,29.5,38,1,16:23:21,M,16:34:07,16:34:41,NA,NA,NA,NA,16:34:11,19,16:38:13,16:38:13,19,16,NA,34,746,212,171.2,16:34:24,CH1,148.1,CH1,23.099999999999994,234.06219262295082,0.8217036798297823,16:36:36,0.4936193698995403,16:35:19,0.7800208333333334,0.4542138888888889,0.03940548101065139,0.375
SALLEU,2022-08-16,4,3,25,6,2.9,1.2164000000000001,0,0.06999999999999999,NA,12:52:27,29.1,41,0,NA,1,12:55:34,12:55:43,NA,NA,NA,NA,12:55:36,18,13:02:11,13:02:11,19,15,NA,9,187,388,180.2,12:55:43,CH2,171.2,CH2,9,230.24699828473413,0.8446814678431057,12:54:44,0.46551029808301064,12:54:39,0.7863167701863354,0.4424782608695652,0.023032037213445433,0.375
SALLEU,2022-08-16,4,4,25,7.1,5.3,3.4364000000000026,7,0.09,NA,13:03:49,30.4,38,1,13:06:06,0,NA,NA,NA,NA,NA,NA,NA,NA,13:18:37,13:18:37,19,15,NA,NA,NA,NA,NA,NA,NA,177.9,CH2,NA,232.49391206313416,0.8297540108452627,13:03:49,0.46704863640496425,13:15:40,NA,NA,NA,0.375
SALLEU,2022-08-16,6,4,25,7.6,6.5,3.0964000000000027,3,0.135,NA,15:48:19,34.7,31,1,15:49:08,0,NA,NA,NA,NA,NA,NA,NA,NA,15:59:42,15:59:42,19,15,"seems like SALLEU samples run on this day just kind of ""dissolved into ash"", what's the difference? Same species, same group, different days did not do this",NA,NA,NA,NA,NA,NA,195.1,CH2,NA,239.28870967741935,0.8597752133291686,15:49:46,0.5189748896627743,15:49:42,NA,NA,NA,0.375
SALLEU,2022-08-16,6,5,25,5.9,5.1,3.676400000000001,9,0.18,NA,16:01:03,34.4,31,1,16:02:12,0,NA,NA,NA,NA,NA,NA,NA,NA,16:12:33,16:12:33,19,15,NA,NA,NA,NA,NA,NA,NA,189.1,CH2,NA,237.2941944847605,0.8656406957564253,16:05:42,0.4861859456890465,16:05:47,NA,NA,NA,0.375
SALLEU,2022-11-01,11,2,25,6,3.3,1.8464000000000027,2,0.08,NA,13:56:41,23.8,55,1,13:59:30,0,NA,NA,NA,NA,NA,NA,NA,NA,NA,14:02:28,19,17,still glowing when video ends,NA,NA,NA,NA,NA,NA,155.8,CH1,NA,212.66011560693642,0.7426084503451507,13:58:46,0.4349168648561751,14:01:36,NA,NA,NA,0.375
SALLEU,2022-11-01,11,3,25,6.4,3.9,1.6864000000000026,2,0.12,NA,14:04:58,23.6,54,1,14:05:52,0,NA,NA,NA,NA,NA,NA,NA,NA,NA,14:09:44,19,17,still glowing when video ends,NA,NA,NA,NA,NA,NA,164.4,CH2,NA,213.13684210526316,0.7218087675728703,14:07:54,0.4117347209910069,14:08:41,NA,NA,NA,0.375
