"","species","ignition","prop_ig","fh","fd","temp_change","heat_flux_change","r_fh","r_fd","r_temp_change","r_heat_flux_change","plant"
"1","ARCDEN","M",0,0.0588005157119031,0.716877472688381,-0.0833271425184322,-0.587403041357365,0.312912572756624,0.758267707458304,0.191475568238053,-0.411041518972948,1
"2","ARCDEN","M",0,-0.954482789928101,-0.30201954823391,-0.11674398438206,-0.510550702545976,-0.488432463793816,-0.111538469324195,0.24396101125021,-0.0640133248983691,1
"3","ARCDEN","M",0,-0.564758441605022,-0.747786994887413,0.304308223099673,-0.39704139641509,-0.310646384560302,-0.70639676011749,0.579110933856158,-0.220679874030674,1
"4","ARCDEN","M",0,0.448524864034981,-0.238338484426267,-0.958848399345526,-0.0343586357588815,0.637425145975221,-0.242822355545512,-0.710477160858513,0.0588718542368607,1
"5","ARCDEN","M",0,0.29263512470575,-0.556743803464483,0.297624854726947,0.0610684052990971,0.543486592995247,-0.517647273989019,0.571105991869959,0.23327337606408,1
"6","ARCDEN","M",0,0.526469733699597,0.143747898419592,0.558276221263258,-0.438249724781094,0.228207846611624,0.333464408897822,0.0805194485970985,0.00300645000751306,2
"7","ARCDEN","M",0,0.136745385376519,-0.365700612041553,0.197374329136058,-0.510471522208959,0.22225280629011,-0.120170606064837,0.0530605083292401,0.0303727520597085,3
"8","ARCDEN","M",0,0.0588005157119031,-0.684105931079769,-0.210311141600223,-0.659885674010524,0.255750326992859,-0.395760092939831,0.079707424502202,-0.0410595493673139,5
"9","ARTCAL","M",0.142857142857143,0.214690255041134,-0.938830186310342,-0.384078719291097,-0.733412563991244,0.178546168041684,-0.613020495027584,-0.217678225392707,-0.0372609045404827,1
"10","ARTCAL","1",0.142857142857143,0.29263512470575,-0.49306273965684,-0.557846296981972,-0.436266035119506,0.82455863989394,-0.127495489936803,-0.208366573210406,0.336125618935585,10
"11","ARTCAL","M",0.142857142857143,-0.954482789928101,-0.365700612041553,-0.176894299736593,-0.785889491518045,-0.377997895085182,0.0312139433694143,0.19064693008578,0.0433083680026398,10
"12","ARTCAL","M",0.142857142857143,-1.34420713825118,-0.238338484426267,-0.0766437741457043,-0.638155117380038,-0.761201065897812,0.163163481573617,0.293540602903616,0.199355845379514,10
"13","ARTCAL","M",0.142857142857143,-0.175034093281944,-1.00251125011799,-0.424178929527452,-0.742939772201965,0.368844914008734,-0.628533747651602,-0.0698534358398152,0.0446925711243824,10
"14","ARTCAL","1",0.142857142857143,-0.0970892236173283,-0.938830186310342,-0.437545666272905,-0.534690315230457,0.41961821071315,-0.583966894631111,-0.0942332860308817,0.218304097933943,10
"15","ARTCAL","1",0.142857142857143,0.682359473028828,-0.875149122502699,-0.00981009041844561,0.371580515088822,0.756945722905284,-0.667847538100289,-0.203218329051652,0.830907996462809,2
"16","ARTCAL","M",0.142857142857143,-0.486813571940407,-0.365700612041553,-1.11256587191823,-0.650423796853674,0.0286693077623265,0.0380950592527894,-0.780523814384235,0.181832371506902,3
"17","ARTCAL","1",0.142857142857143,0.526469733699597,-0.875149122502699,-0.577896402100151,0.209924997100153,0.545025396465485,-0.521050399254954,-0.444804185306357,0.933375711356035,4
"18","ARTCAL","1",0.142857142857143,-1.11037252925733,-0.556743803464483,-0.39744545603655,-0.577797526737212,-0.424524152627886,-0.205703353942682,-0.516024013296699,0.158228636627612,5
"19","ARTCAL","1",0.142857142857143,-0.408868702275791,-0.620424867272126,-0.210311141600223,-0.348855383358637,0.310672424824304,-0.245682796374256,-0.315233438187811,0.430121813407002,5
"20","ARTCAL","1",0.142857142857143,-0.564758441605022,-0.875149122502699,-0.250411351836578,-0.436438135069715,-0.20738614045136,-0.594448968677622,-0.035465905291655,0.175024562663294,7
"21","ARTCAL","1",0.142857142857143,0.0588005157119031,-0.110976356810981,-0.44422903464563,-0.448765607358293,0.445518115662582,0.190367144664222,-0.217389425579444,0.200106054949619,7
"22","CEAGRI","M",0.166666666666667,0.370579994370366,0.589515345073095,0.284258117981495,0.551755812288704,0.253215121162394,0.682131664752587,-0.536580061049481,0.769275673854968,1
"23","CEAGRI","M",0.166666666666667,1.30591843034575,0.0163857708043059,2.32936884003563,1.04789402128798,1.14833962915669,0.0807130585188117,1.49223125310514,1.21414974621456,1
"24","CEAGRI","M",0.166666666666667,0.136745385376519,0.780558536496024,1.36028042599037,0.277498500004964,0.0682893434969079,0.907580435592392,0.559265851161497,0.557366635862733,1
"25","CEAGRI","M",0.166666666666667,0.29263512470575,0.971601727918954,1.17982947992677,1.15341231143357,0.124187694332601,1.0282833313186,0.33828664761804,1.30581286429537,1
"26","CEAGRI","M",0.166666666666667,1.07208382135191,0.780558536496024,0.397875380317836,0.959357880894827,0.746668566589862,0.785249486554613,0.365769032475102,1.02561716049993,2
"27","CEAGRI","M",0.166666666666667,1.30591843034575,-0.110976356810981,-0.0164934587911715,-0.0365187568960549,0.833776681598626,-0.209502145003018,-0.108070619240218,-0.157304300165468,2
"28","CEAGRI","M",0.166666666666667,0.916194082022675,0.971601727918954,0.257524644490592,1.25523565094517,0.352755848129274,0.808852191482083,0.128943422864284,1.01806666233162,2
"29","CEAGRI","M",0.166666666666667,-0.330923832611175,0.716877472688381,-0.51106271837289,0.508640847857564,-0.638949280678692,0.733801517650748,-0.536120673610431,0.597068402766314,2
"30","CEAGRI","M",0.166666666666667,0.682359473028828,0.143747898419592,0.945911586881362,2.32385484764266,0.0395802460916415,-0.074815133515766,0.785172073993863,1.98554310295622,2
"31","CEAGRI","1",0.166666666666667,0.916194082022675,-0.174657420618624,0.564959589635984,0.961949476588509,0.416880760315347,-0.292297419597814,0.462369315741324,0.806526003157148,2
"32","CEAGRI","M",0.166666666666667,1.22797356068114,2.30890406787946,-0.831864400263735,0.910059264282212,0.11373025979276,2.12015920477206,-0.506163977149237,0.650888062362531,3
"33","CEAGRI","M",0.166666666666667,1.15002869101652,-0.620424867272126,-0.203627773227498,-0.121083313897289,0.306414256811741,-0.618792190939482,0.23176325980531,-0.0352607314039722,3
"34","CEAGRI","M",0.166666666666667,1.61769790900422,-0.556743803464483,-0.51106271837289,1.22583476977392,0.636051884161617,-0.652211317930576,-0.131618301643798,1.13569666704454,3
"35","CEAGRI","M",0.166666666666667,0.994138951687291,1.22632598314953,-0.892014715618269,1.12787788265583,-0.179881809713528,0.995529856310391,-0.59054314208412,0.792503234379862,3
"36","CEAGRI","M",0.166666666666667,0.682359473028828,0.398472153650165,-0.644730085827408,0.51266662348103,0.0224248720350028,0.529316894903963,-0.134890405902254,0.832641613869112,3
"37","CEAGRI","M",0.166666666666667,1.22797356068114,0.334791089842522,-0.584579770472877,0.525805209590899,0.346318924332076,0.309663871073152,-0.164607096263928,0.563134689857489,3
"38","CEAGRI","M",0.166666666666667,0.916194082022675,0.334791089842522,-0.838547768636461,0.637649672415974,0.718076682348371,0.362419092845694,-0.151548404864121,0.827616900944315,4
"39","CEAGRI","M",0.166666666666667,0.526469733699597,-0.620424867272126,-0.103377247636609,-0.526634889910587,0.621805321995458,-0.386363387767702,0.702563741348356,0.0374219843667866,4
"40","CEAGRI","M",0.166666666666667,0.760304342693444,0.653196408880738,-1.56035155289086,0.958707921875853,-1.07462861210334,-0.470615645934186,-1.53678214308227,-0.937913762551527,4
"41","CEAGRI","M",0.166666666666667,0.448524864034981,-0.110976356810981,-1.54030144777268,0.0604846384408987,0.549294766922882,0.126907964850874,-0.732157836098596,0.631469098750662,4
"42","CEAGRI","1",0.166666666666667,0.916194082022675,3.26412002499411,-0.163527562991143,-0.00346353368761199,0.65829922183593,3.24969676426554,0.499242951200848,0.110300248484444,4
"43","CEAGRI","M",0.166666666666667,-0.0191443539527126,0.207428962227236,-0.470962508136535,-0.0943854197126949,-0.234651560321546,0.22282387032663,0.208988463030613,0.073413533511999,4
"44","CEAGRI","M",0.166666666666667,0.370579994370366,0.0800668346119491,-0.972215136090979,-0.519805085749416,0.156357177676424,0.360766988437027,-0.329695218612629,0.125041133142889,5
"45","CEAGRI","1",0.166666666666667,1.22797356068114,0.462153217457808,-0.404128824409275,0.177279235295456,0.605090286665781,0.455375641044105,0.0727538668470485,0.30117098455207,5
"46","CEAGRI","1",0.166666666666667,1.22797356068114,1.0352827917266,-0.638046717454683,-0.16690375224689,0.801812474897632,1.16689210141188,-0.0814290848521178,0.207766611382225,5
"47","CEAGRI","1",0.166666666666667,1.07208382135191,0.653196408880738,-0.818497663518282,-0.217188667500582,0.757869616164427,0.863556267009093,-0.21650600351979,0.300189968395756,5
"48","CEAGRI","M",0.166666666666667,-0.25297896294656,0.780558536496024,-0.551162928609247,-0.458919826677726,-0.0440253895464386,1.08572488012866,-0.659966966006741,0.214237855878368,6
"49","CEAGRI","M",0.166666666666667,0.604414603364213,0.844239600303668,0.431292222181466,-0.434948179253603,0.714463651189204,1.07983021667106,0.282400451841939,0.112127437513001,6
"50","CEAGRI","M",0.166666666666667,0.136745385376519,-0.238338484426267,-0.564529665354696,-0.561340584186499,0.256576199467182,0.00413324782450463,-0.709456714853802,-0.0017953125615935,6
"51","ERIKAR","M",0.0408163265306122,-0.798593050598869,-0.747786994887413,0.123857277036073,-0.639267654010532,-0.187900400224789,-0.338639344572667,0.372183799005996,0.1983958911017,1
"52","ERIKAR","1",0.0408163265306122,-0.954482789928101,-0.811468058695056,-0.544479560236519,-0.792856942143405,-0.367701123758997,-0.419140913873005,-0.305844578098736,0.014325224426314,1
"53","ERIKAR","M",0.0408163265306122,-1.18831739892195,-0.875149122502699,-1.01231534632733,-0.810840253878835,-0.549366312669259,-0.446122692969315,-0.752535186373973,0.0628467386018234,1
"54","ERIKAR","1",0.0408163265306122,-1.26626226858656,-0.875149122502699,-0.0565936690275278,-0.742293091346782,-0.649048440702035,-0.461414061599037,0.194376000169343,0.103683557004318,1
"55","ERIKAR","M",0.0408163265306122,-1.34420713825118,-0.747786994887413,-0.671463559318313,-0.664017784041716,-0.734601350795507,-0.339403913004153,-0.423577561886214,0.172260243864039,1
"56","ERIKAR","M",0.0408163265306122,-0.798593050598869,-0.938830186310342,-0.704880401181942,-0.726627395056729,-0.482380470323113,-0.557206999529097,-0.423247439608401,0.0617313706740298,10
"57","ERIKAR","M",0.0408163265306122,-0.330923832611175,-0.938830186310342,-0.571213033727424,-0.831410096186046,-0.0321010590299474,-0.569440094432875,-0.296628464759074,-0.065219605758933,10
"58","ERIKAR","M",0.0408163265306122,-0.408868702275791,-0.811468058695056,-0.624679980709232,-0.738807286448088,-0.110045928694563,-0.442077966817588,-0.350095411740882,0.0273832039790246,10
"59","ERIKAR","M",0.0408163265306122,-0.486813571940407,-0.49306273965684,0.0637069616815396,-0.399448850561157,-0.182556483767139,-0.119849805621942,0.340494153339011,0.373669225898345,10
"60","ERIKAR","M",0.0408163265306122,-1.26626226858656,-0.875149122502699,-0.731613874672846,-0.770563373732415,-0.962332949774815,-0.474411724934301,-0.11915765375868,0.0525970865293437,2
"61","ERIKAR","M",0.0408163265306122,-1.26626226858656,-1.00251125011799,-0.738297243045572,-0.720331264508296,-0.929727062222574,-0.578836799605004,-0.112625285996669,0.1443947119478,2
"62","ERIKAR","M",0.0408163265306122,-0.798593050598869,-0.811468058695056,-1.25959997611819,-0.71092006047711,-0.490316280113489,-0.407672387400713,-0.645381657052728,0.117782468610561,2
"63","ERIKAR","M",0.0408163265306122,-1.34420713825118,-0.938830186310342,-0.551162928609247,-0.521805059610425,-0.975634724775036,-0.521272283249249,-0.069855403128866,0.326875898600553,3
"64","ERIKAR","M",0.0408163265306122,-1.18831739892195,2.94571470595589,-1.03904881981824,-0.728211609100575,-0.844742832569189,3.34568753509281,-0.567873358707822,0.0886024533614111,3
"65","ERIKAR","M",0.0408163265306122,-1.03242765959272,-0.684105931079769,-0.584579770472877,-0.572487035023154,-0.370633710011217,-0.291014217826232,-0.159036415311717,0.248915005368208,4
"66","ERIKAR","M",0.0408163265306122,-1.11037252925733,-0.811468058695056,-0.477645876509262,-0.831498659603637,-0.486618781820114,-0.445136240543533,-0.0675208801719606,-0.058589721439001,4
"67","ERIKAR","M",0.0408163265306122,-1.18831739892195,-0.30201954823391,0.123857277036073,-0.625604144249273,-0.634122878262843,0.0153798903025012,0.505788702952604,0.0586316927007778,4
"68","ERIKAR","M",0.0408163265306122,-1.50009687758041,-0.811468058695056,-0.531112823491069,-0.669437239128253,-0.825260572978015,-0.409201524263686,-0.100283173876014,0.168591007740844,4
"69","ERIKAR","M",0.0408163265306122,-1.65598661690964,-0.875149122502699,-0.564529665354698,-0.856469613940096,-0.98441090106247,-0.475176293365787,-0.135021589353117,-0.0225979186904321,4
"70","ERIKAR","M",0.0408163265306122,-1.26626226858656,-0.620424867272126,-0.671463559318313,-0.737685404483276,-0.682722449130442,-0.28238208108559,-0.277637970880519,-0.0160406029583218,4
"71","ERIKAR","M",0.0408163265306122,-1.26626226858656,-0.938830186310342,-0.504379350000164,-0.824311482312034,-0.605555181923472,-0.546503041488291,-0.0792765193768288,-0.0042949591271499,4
"72","ERIKAR","M",0.0408163265306122,-1.18831739892195,-0.429381675849197,-0.912064820736445,-0.736785481707096,-0.552608159382241,-0.0546396049513266,-0.497094054483074,0.0513641457287968,4
"73","ERIKAR","M",0.0408163265306122,-1.03242765959272,-0.747786994887413,-0.470962508136535,-0.712159260148838,-0.319296727485899,-0.352401576339418,-0.040843737183307,0.108879209073086,5
"74","ERIKAR","M",0.0408163265306122,-1.50009687758041,-0.875149122502699,-0.75834734816375,-0.844619693932153,-0.803268889249714,-0.491232230426996,-0.334836445277891,-0.0443639828073974,5
"75","ERIKAR","M",0.0408163265306122,-1.42215200791579,-0.811468058695056,-0.350661877427469,-0.685946649305442,-0.70793421289057,-0.415318071715574,0.0798974180635831,0.13647733712296,5
"76","ERIKAR","M",0.0408163265306122,-1.65598661690964,-0.938830186310342,-0.778397453281929,-0.875354294240708,-0.921118426434664,-0.528153399132624,-0.33946819157221,-0.0266054808892247,5
"77","ERIKAR","M",0.0408163265306122,-1.50009687758041,-0.938830186310342,-0.738297243045572,-0.81050220761063,-0.797834574657673,-0.551090452077208,-0.312583717470589,-0.00331891045348441,5
"78","ERIKAR","M",0.0408163265306122,-1.50009687758041,-0.811468058695056,-0.303878298818387,-0.670390985437766,-0.797834574657673,-0.423728324461922,0.121835226756596,0.13679231171938,5
"79","ERIKAR","M",0.0408163265306122,-1.42215200791579,-0.684105931079769,-0.283828193700208,-0.743881363229069,-0.792181597497987,-0.281074828216913,-0.0394055583921999,0.0844926339435129,6
"80","ERIKAR","M",0.0408163265306122,-1.26626226858656,-0.875149122502699,-0.143477457872964,-0.604530183383316,-0.635204995250347,-0.471353451208356,0.101385701972869,0.225229330995744,6
"81","ERIKAR","M",0.0408163265306122,-1.42215200791579,-0.811468058695056,-0.470962508136535,-0.864718668806809,-0.804137089600475,-0.416847208578547,-0.231385642744596,-0.0515853609054843,6
"82","ERIKAR","M",0.0408163265306122,-1.50009687758041,-0.556743803464483,-0.444229034645632,-0.671751660098791,-0.885342548020315,-0.164416658642432,-0.205973742867168,0.137225096183099,6
"83","ERIKAR","M",0.0408163265306122,-1.26626226858656,-0.938830186310342,-0.243727983463854,-0.520472975044212,-0.492811542883041,-0.55261958894018,-0.267289293170733,0.265822737264366,7
"84","ERIKAR","M",0.0408163265306122,-1.11037252925733,-0.875149122502699,-0.28382819370021,-0.531485610533246,-0.291273560980673,-0.45682665101012,-0.288887472818458,0.313001824447404,7
"85","ERIKAR","M",0.0408163265306122,-0.876537920263485,-0.811468058695056,-0.504379350000164,-0.710435505219724,-0.649862982078416,-0.416082640147061,-0.223852828385608,0.105837643128337,9
"86","ERIKAR","M",0.0408163265306122,-0.642703311269638,-0.938830186310342,-0.698197032809217,-0.678464234056383,-0.422549550595017,-0.548032178351264,-0.420313658421607,0.129495811052811,9
"87","ERIKAR","M",0.0408163265306122,-0.0970892236173283,-0.875149122502699,-0.597946507218326,-0.874802772811468,0.151322972935901,-0.464472335324981,-0.308609494847279,-0.0308192803338487,9
"88","HETARB","M",0,-0.175034093281944,0.525834281265452,-0.457595771391083,0.778496274950914,-0.73345310315997,-0.0727192611185079,-0.442133415810614,-0.209184130148324,10
"89","HETARB","M",0,1.46180816967499,1.54473130218774,1.6008816874085,2.61374342639849,-0.456914498266677,0.437739752865514,-0.0409369114643863,0.68219329516622,11
"90","HETARB","M",0,-0.486813571940407,0.907920664111311,0.163957487272429,0.662542017356408,-0.433959186198386,0.9401360777034,-0.160457205629673,0.824647923896359,12
"91","HETARB","M",0,0.370579994370366,-0.174657420618624,0.143907382154251,-0.11945561445968,0.147371198836749,-0.336642388624009,-0.292400543355284,-0.309271078365116,12
"92","HETARB","M",0,2.0074222573273,1.0352827917266,-0.136794089500238,2.21168777180566,-0.715525182713873,-0.613023207087804,0.680867587155904,-0.638563655828215,6
"93","HETARB","M",0,2.86481582363807,-0.110976356810981,0.364458538454206,1.23343007776558,0.960418507682879,-0.539795707405022,0.142652201056566,0.561830025682347,7
"94","HETARB","M",0,2.31920173598576,1.54473130218774,9.09293763323427,3.69029168281346,0.145689826825388,0.584536891710849,1.03927420755468,2.01936710041579,8
"95","MALLAU","M",0.05,-0.408868702275791,0.207428962227236,0.959278323626814,0.355725102610921,-0.495590822015015,-0.442350665066294,0.38349659641693,-0.702806322440375,1
"96","MALLAU","M",0.05,-0.408868702275791,-0.365700612041553,1.48058105669944,-0.0140272912346134,-0.347777465111524,-0.911498932652971,0.964710666633689,-0.884128376204915,1
"97","MALLAU","M",0.05,-0.720648180934254,-0.238338484426267,0.484759169163273,-0.387410366836451,-0.548696926092369,-0.7061508250261,0.0138222819556283,-1.11618869674601,1
"98","MALLAU","M",0.05,0.682359473028828,1.0352827917266,-0.65809682257286,0.862091257938623,-0.397954718413435,0.226472930683955,-0.407859335891774,-0.505881699107155,10
"99","MALLAU","M",0.05,0.682359473028828,0.271110026034879,2.19570147258111,2.03982322568785,-0.238532332432504,-0.726548237584835,1.14836046932901,0.333902048758703,2
"100","MALLAU","M",0.05,0.0588005157119031,0.0163857708043059,0.725360430581406,-0.341619436568692,0.19216574110635,-0.239641114273872,0.10532822901911,-0.703588923214272,2
"101","MALLAU","M",0.05,-1.03242765959272,0.207428962227236,-0.0833271425184302,-0.550458308996231,-1.24903229392565,-0.294788957789473,-0.845208245260227,-1.35856433612769,2
"102","MALLAU","M",0.05,0.760304342693444,-0.30201954823391,0.564959589635984,-0.357141328591361,0.0152015879437541,-0.590158307434505,0.26418528485245,-0.783093696473484,3
"103","MALLAU","M",0.05,0.370579994370366,-0.110976356810981,0.765460640817762,-0.230125348891064,0.00370553522666689,-0.133045301854406,0.617988875197166,-0.173917728918877,3
"104","MALLAU","M",0.05,1.5397530393396,0.971601727918954,0.397875380317836,0.555645442902316,0.370773746410783,0.385281280438772,-0.0747034942172674,-0.410658635506189,3
"105","MALLAU","M",0.05,0.83824921235806,2.30890406787946,0.952594955254088,2.91161051268461,-0.727120892046973,1.06352563245825,0.252451532486263,0.724628258040826,4
"106","MALLAU","M",0.05,0.682359473028828,0.462153217457808,0.504809274281451,0.555866041291539,-0.324011752405809,-0.431523739479793,0.336317868910933,-0.944374716125615,5
"107","MALLAU","1",0.05,-0.486813571940407,0.207428962227236,0.78551074593594,-0.194002956445264,-0.472266939749943,-0.124290197568068,0.534950875099125,-0.70938747600847,6
"108","MALLAU","M",0.05,-0.408868702275791,-0.238338484426267,-0.0365435639093493,-0.0185610418555565,-0.078044960828594,-0.34756823065911,-0.158910794239224,-0.130760054333693,6
"109","MALLAU","M",0.05,1.07208382135191,5.87504364110748,1.03947874409953,1.38600338546281,-0.146221143177836,4.90261613572681,0.483142072404693,-0.236434351891881,7
"110","MALLAU","M",0.05,0.214690255041134,0.525834281265452,0.344408433336029,-0.525242333854817,0.0343393775910514,0.283569627954024,0.208772695263629,-0.824511139023108,7
"111","MALLAU","M",0.05,0.29263512470575,-0.747786994887413,-0.0632770374002518,-0.616514650420223,-0.869152968066775,-1.68045694183081,-0.596706433128208,-2.16690549303806,7
"112","MALLAU","M",0.05,2.66995364947653,-0.0472952930033373,1.73454905486302,1.08946558954229,0.93961582239505,-0.655788224996616,1.03672738187673,0.0409420288225681,8
"113","MALLAU","M",0.05,0.29263512470575,0.207428962227236,-0.711563769554668,0.275217658151655,-0.516042947565726,0.247290060134186,-1.03582063446576,0.401612688525191,8
"114","MALLAU","M",0.05,3.95604399894269,2.69099045072532,0.304308223099673,1.92156095664778,0.819008502896841,1.38444654078521,-0.0337521585625616,-0.352161934187121,9
"115","SALAPI","1",0.444444444444444,0.136745385376519,-0.684105931079769,0.498125905908725,0.372831759632192,-0.240669087592801,-0.710762286712112,0.384954787482658,0.426502472441445,1
"116","SALAPI","M",0.444444444444444,0.604414603364213,0.334791089842522,-0.0365435639093493,0.289372508453147,0.00201950628443284,0.149869068892553,-0.240903261665095,0.0562411595214746,1
"117","SALAPI","1",0.444444444444444,1.15002869101652,0.653196408880738,-0.798447558400104,-0.408676010759095,0.233990611339217,0.138745393960252,-0.253309583018774,-1.16143683416408,10
"118","SALAPI","1",0.444444444444444,1.15002869101652,-0.238338484426267,-0.491012613254713,-0.44045395590915,-0.0877208125095571,-0.979101755066645,-0.0762699010694466,-1.6033278724316,10
"119","SALAPI","1",0.444444444444444,0.994138951687291,-0.174657420618624,1.31349684738129,4.37405144449262,0.606819327974595,-0.492614348647178,1.04496999001888,3.83523873165581,2
"120","SALAPI","M",0.444444444444444,-0.798593050598869,1.35368811076481,-0.945481662600075,-0.185682910441515,-1.09461618916529,1.09995493098109,-1.17700445878523,-0.608112177934187,2
"121","SALAPI","M",0.444444444444444,-1.18831739892195,-0.365700612041553,-0.0031267220457197,-0.358845420655193,-0.682104669470208,-0.30672530334745,0.15875272581025,-0.140841536906449,3
"122","SALAPI","M",0.444444444444444,-0.954482789928101,-0.174657420618624,-0.417495561154727,0.224996929840472,-0.414577310005712,-0.0919804905484511,-0.241959852626197,0.48595184699003,3
"123","SALAPI","M",0.444444444444444,-0.720648180934254,-0.30201954823391,-0.377395350918371,-0.472054440976603,-0.0764038608446954,-0.14594404874107,-0.159569286758686,-0.0780898720051653,3
"124","SALAPI","1",0.444444444444444,1.46180816967499,-0.429381675849197,0.284258117981495,3.94333168123181,0.308666763374768,-0.813091488985557,-0.170004703451695,3.27585838513626,4
"125","SALAPI","M",0.444444444444444,0.604414603364213,-0.620424867272126,-1.59376839475449,-0.145258057828781,0.0764034830688698,-0.575211790344773,-0.852393797794384,0.0657640761743134,5
"126","SALAPI","1",0.444444444444444,0.29263512470575,-0.811468058695056,-0.437545666272905,-0.515880326298554,-0.190814615934864,-0.734907676076772,0.321890436738008,-0.248051986829865,5
"127","SALAPI","M",0.444444444444444,-0.408868702275791,-0.429381675849197,-0.504379350000164,-0.36767000245318,-0.488993431039837,-0.169324869674244,0.0614274558992499,0.219999591291329,6
"128","SALAPI","1",0.444444444444444,0.604414603364213,-0.811468058695056,-0.617996612336504,-0.300396156247634,0.0971527476658144,-0.851886646094148,-0.225315949802133,-0.25723482464894,6
"129","SALAPI","1",0.444444444444444,0.448524864034981,-0.556743803464483,-0.110060616009334,-0.478181380440504,-0.435820137097886,-0.331857145137892,0.0368810506210199,0.0313534441323686,7
"130","SALAPI","1",0.444444444444444,1.77358764833345,-0.811468058695056,-0.190261036482046,-0.219445270686442,0.778382629522962,-0.664567380380049,-0.0882528727097951,0.148766798825685,7
"131","SALAPI","M",0.444444444444444,2.39714660565037,0.334791089842522,0.384508643572384,3.73833275872073,0.0441520775589488,-1.2684053715142,-0.0897792707036221,0.911706912381238,8
"132","SALAPI","M",0.444444444444444,-0.954482789928101,-0.49306273965684,0.939228218508636,0.130242188465975,-1.2800305175132,-0.705509224140309,0.136512858869919,-0.161165151848257,9
"133","SALAPI","M",0.444444444444444,0.29263512470575,-0.30201954823391,-0.110060616009334,0.296762658959522,-0.0350863287161618,-0.515995169580352,-0.9136570247237,0.00258428423233475,9
"134","SALAPI","1",0.444444444444444,1.30591843034575,-0.49306273965684,1.5741482139176,3.55841388899022,0.531496317458146,-1.02127598634408,0.589496220157349,2.69478794240061,9
"135","SALAPI","M",0.444444444444444,0.448524864034981,0.271110026034879,0.618426536617792,-0.0345562864376847,0.109934781428989,0.0494887203735759,-0.18957511747482,-0.342589833229651,9
"136","SALLEU","M",0.375,0.136745385376519,0.207428962227236,0.377825275199658,-0.28039436976089,0.509419533655796,0.355094208973728,0.227837114319689,0.105247415227175,1
"137","SALLEU","M",0.375,0.0588005157119031,-0.747786994887413,0.42460885380874,-0.62378970756047,0.648847247672785,-0.447208061843696,0.362725600493678,0.0389555187231745,1
"138","SALLEU","1",0.375,-0.642703311269638,1.67209342980303,1.41374737297218,-0.164135778730734,-0.884106711890892,1.38777751275986,1.01486284822135,-0.561311215402684,1
"139","SALLEU","1",0.375,-0.330923832611175,0.716877472688381,0.805560851054118,0.310179043349921,0.11457013120144,0.915768804344444,0.685087834208393,0.788650481172005,1
"140","SALLEU","M",0.375,0.136745385376519,0.844239600303668,0.451342327299643,-0.326360951402519,0.488769138206044,0.977378046851924,0.292984200201008,0.032956006662465,1
"141","SALLEU","M",0.375,-0.136061658449636,-0.429381675849197,0.371141906826932,-0.638223454596656,0.428987226387861,-0.146387816729661,0.299126589141906,-0.00734512406200269,1
"142","SALLEU","1",0.375,-0.60373087643733,-0.811468058695056,0.645160010108695,-0.427472024526549,-0.102806903785906,-0.573583737033201,0.547153744692022,0.121660790825908,1
"143","SALLEU","M",0.375,-0.0970892236173283,0.207428962227236,-0.110060616009334,-0.545970501533179,0.503826137527634,0.515653579585813,-0.16753862394615,0.130629896815245,1
"144","SALLEU","M",0.375,-0.175034093281944,0.780558536496024,0.304308223099673,-0.427975799976494,0.317194976022216,1.01232631070599,0.202777761380403,0.11007287772414,1
"145","SALLEU","M",0.375,0.0588005157119031,0.143747898419592,0.331041696590577,-0.637223649718874,0.416258583133468,0.280709187125279,0.174886192181064,-0.2709791056215,1
"146","SALLEU","1",0.375,-0.798593050598869,-0.0472952930033373,0.952594955254088,-0.607634995523,-0.2237623994957,0.242579681999574,0.884544358409483,0.0357129898699544,1
"147","SALLEU","M",0.375,-1.50009687758041,-0.684105931079769,-0.718247137927393,0.13010823102075,-0.847163248731961,-0.355237966071066,-0.535661447887142,0.791295913339764,2
"148","SALLEU","1",0.375,-0.175034093281944,-0.747786994887413,-0.130110721127513,-0.27315145175136,0.249658322700821,-0.579478400490795,-0.0400351840304143,0.0970776172072953,2
"149","SALLEU","M",0.375,0.29263512470575,0.143747898419592,0.157274118899703,-0.524804903781918,0.933613261451711,0.464205610681948,0.335014039023884,0.12114208926584,2
"150","SALLEU","M",0.375,-0.720648180934254,0.398472153650165,0.123857277036073,-0.440069093000068,-0.132926327190286,0.681466012769701,0.280011494806852,0.137987556930272,2
"151","SALLEU","M",0.375,-1.26626226858656,-0.747786994887413,0.351091801708755,-0.646479537056201,-0.640500212698315,-0.438033240665863,0.522664378303392,-0.019929784899134,2
"152","SALLEU","1",0.375,0.682359473028828,0.0163857708043059,0.885761271526829,0.359616394568355,0.503842969295142,-0.239641114273872,0.73134569013131,-0.0391165860682261,2
"153","SALLEU","1",0.375,0.448524864034981,-0.238338484426267,0.645160010108695,0.424830638641843,0.765617851095352,-0.145722164746775,0.691623617961165,0.657893504159186,2
"154","SALLEU","M",0.375,-0.0970892236173283,-0.238338484426267,0.170640855645154,-0.695643332702377,0.16236729748297,-0.141134754157858,-0.0384918717249766,-0.424508331539442,3
"155","SALLEU","1",0.375,0.526469733699597,2.75467151453296,1.09962905945406,1.334252358026,0.533774057729235,2.67449536869659,0.788294639308635,1.28394736728606,3
"156","SALLEU","M",0.375,-0.330923832611175,1.09896385553424,0.838977692917747,-0.314807784512134,0.0567825128612697,1.28638666071801,0.681826861010912,0.119818247015194,3
"157","SALLEU","1",0.375,0.526469733699597,1.16264491934188,-0.397445456036548,-0.253631517213274,0.498183499365175,1.23844073352868,-0.77183676268369,-0.0507041142022402,4
"158","SALLEU","1",0.375,0.916194082022675,-0.238338484426267,1.89494989580844,1.62944287580223,0.822696072583772,-0.208416776128636,1.49412711689183,1.74923924642458,4
"159","SALLEU","M",0.375,-0.954482789928101,-0.811468058695056,-0.343978509054743,-0.587421226850504,-0.728443101355046,-0.556763231540506,-0.615287073850944,-0.060282797523641,4
"160","SALLEU","1",0.375,-0.408868702275791,-0.49306273965684,-0.103377247636609,-0.673043104844258,-0.0426236972281019,-0.139728584840581,-0.317858147053444,0.0328270441182542,4
"161","SALLEU","1",0.375,-0.25297896294656,-0.30201954823391,0.304308223099673,-0.41960212075163,0.168065487708406,-0.106951058735278,0.0352255981063985,0.0402283895797292,5
"162","SALLEU","1",0.375,-0.175034093281944,-0.110976356810981,-0.390762087663824,-0.484930343601511,0.305787817885463,0.126143396419388,-0.635615863076749,0.0511036130861325,5
"163","SALLEU","1",0.375,-0.525786006772714,0.334791089842522,1.17982947992677,-0.563611954128918,-0.319940413962537,0.378475029906903,0.823522996444237,-0.378113850680183,5
"164","SALLEU","1",0.375,0.370579994370366,-0.174657420618624,-0.718247137927395,-0.0495303172928064,0.350828709629171,-0.0965679011373678,-0.311170319201982,0.199964519837906,6
"165","SALLEU","M",0.375,0.29263512470575,1.99049874884125,-0.965531767718254,-0.28677585001473,0.0359477237516072,1.90191235025853,-0.65448929823859,-0.339323763896201,6
"166","SALLEU","1",0.375,-0.175034093281944,-0.684105931079769,-0.00981009041844561,-0.285189481355122,-0.156745175878858,-0.579256516496499,0.412685087130826,0.0127984580023162,6
"167","SALLEU","1",0.375,0.136745385376519,-0.49306273965684,-0.417495561154727,-0.803784903931602,0.459949641218213,-0.133612037388692,-0.00187994596875252,-0.0262762280055117,7
"168","SALLEU","M",0.375,-0.954482789928101,0.143747898419592,-0.330611772309291,-0.650607559596005,-0.941034465832692,0.285296597714196,-0.0405456504033096,-0.267971287516117,7
"169","SALLEU","1",0.375,1.07208382135191,-0.429381675849197,-0.404128824409275,-0.677534357537493,1.23986667986125,-0.179264259283564,-0.05150821813221,-0.0981546421377419,7
"170","SALLEU","M",0.375,0.83824921235806,3.64620640783997,-0.243727983463852,0.21184828341531,0.256096657165874,3.36877160668018,-0.195069308285717,-0.164778873654691,7
"171","SALLEU","M",0.375,-0.0970892236173283,-0.238338484426267,-0.230361246718402,-0.634911284303404,0.0696067719736116,0.0110143637078798,0.121818835020839,-0.0569170861101309,7
